constituency_name,constituency_uri,recorded_participation_opportunities,eligible_division_opportunities,recorded_participation_pct
Carlow-Kilkenny,https://data.oireachtas.ie/ie/oireachtas/house/dail/34/constituency/Carlow-Kilkenny,571,666,85.7
Cavan-Monaghan,https://data.oireachtas.ie/ie/oireachtas/house/dail/34/constituency/Cavan-Monaghan,590,680,86.8
Clare,https://data.oireachtas.ie/ie/oireachtas/house/dail/34/constituency/Clare,490,544,90.1
Cork East,https://data.oireachtas.ie/ie/oireachtas/house/dail/34/constituency/Cork-East,486,544,89.3
Cork North-Central,https://data.oireachtas.ie/ie/oireachtas/house/dail/34/constituency/Cork-North-Central,570,680,83.8
Cork North-West,https://data.oireachtas.ie/ie/oireachtas/house/dail/34/constituency/Cork-North-West,397,408,97.3
Cork South-Central,https://data.oireachtas.ie/ie/oireachtas/house/dail/34/constituency/Cork-South-Central,547,680,80.4
Cork South-West,https://data.oireachtas.ie/ie/oireachtas/house/dail/34/constituency/Cork-South-West,333,408,81.6
Donegal,https://data.oireachtas.ie/ie/oireachtas/house/dail/34/constituency/Donegal,535,680,78.7
Dublin Bay North,https://data.oireachtas.ie/ie/oireachtas/house/dail/34/constituency/Dublin-Bay-North,632,680,92.9
Dublin Bay South,https://data.oireachtas.ie/ie/oireachtas/house/dail/34/constituency/Dublin-Bay-South,476,544,87.5
Dublin Central,https://data.oireachtas.ie/ie/oireachtas/house/dail/34/constituency/Dublin-Central,345,480,71.9
Dublin Fingal East,https://data.oireachtas.ie/ie/oireachtas/house/dail/34/constituency/Dublin-Fingal-East,335,408,82.1
Dublin Fingal West,https://data.oireachtas.ie/ie/oireachtas/house/dail/34/constituency/Dublin-Fingal-West,382,408,93.6
Dublin Mid-West,https://data.oireachtas.ie/ie/oireachtas/house/dail/34/constituency/Dublin-Mid-West,603,680,88.7
Dublin North-West,https://data.oireachtas.ie/ie/oireachtas/house/dail/34/constituency/Dublin-North-West,374,408,91.7
Dublin Rathdown,https://data.oireachtas.ie/ie/oireachtas/house/dail/34/constituency/Dublin-Rathdown,469,544,86.2
Dublin South-Central,https://data.oireachtas.ie/ie/oireachtas/house/dail/34/constituency/Dublin-South-Central,512,544,94.1
Dublin South-West,https://data.oireachtas.ie/ie/oireachtas/house/dail/34/constituency/Dublin-South-West,585,680,86.0
Dublin West,https://data.oireachtas.ie/ie/oireachtas/house/dail/34/constituency/Dublin-West,576,680,84.7
Dún Laoghaire,https://data.oireachtas.ie/ie/oireachtas/house/dail/34/constituency/Dún-Laoghaire,454,544,83.5
Galway East,https://data.oireachtas.ie/ie/oireachtas/house/dail/34/constituency/Galway-East,483,544,88.8
Galway West,https://data.oireachtas.ie/ie/oireachtas/house/dail/34/constituency/Galway-West,524,616,85.1
Kerry,https://data.oireachtas.ie/ie/oireachtas/house/dail/34/constituency/Kerry,524,680,77.1
Kildare North,https://data.oireachtas.ie/ie/oireachtas/house/dail/34/constituency/Kildare-North,598,680,87.9
Kildare South,https://data.oireachtas.ie/ie/oireachtas/house/dail/34/constituency/Kildare-South,492,544,90.4
Laois,https://data.oireachtas.ie/ie/oireachtas/house/dail/34/constituency/Laois,366,408,89.7
Limerick City,https://data.oireachtas.ie/ie/oireachtas/house/dail/34/constituency/Limerick-City,465,544,85.5
Limerick County,https://data.oireachtas.ie/ie/oireachtas/house/dail/34/constituency/Limerick-County,169,408,41.4
Longford-Westmeath,https://data.oireachtas.ie/ie/oireachtas/house/dail/34/constituency/Longford-Westmeath,571,680,84.0
Louth,https://data.oireachtas.ie/ie/oireachtas/house/dail/34/constituency/Louth,622,680,91.5
Mayo,https://data.oireachtas.ie/ie/oireachtas/house/dail/34/constituency/Mayo,629,680,92.5
Meath East,https://data.oireachtas.ie/ie/oireachtas/house/dail/34/constituency/Meath-East,419,544,77.0
Meath West,https://data.oireachtas.ie/ie/oireachtas/house/dail/34/constituency/Meath-West,369,408,90.4
Offaly,https://data.oireachtas.ie/ie/oireachtas/house/dail/34/constituency/Offaly,347,408,85.0
Roscommon-Galway,https://data.oireachtas.ie/ie/oireachtas/house/dail/34/constituency/Roscommon-Galway,357,408,87.5
Sligo-Leitrim,https://data.oireachtas.ie/ie/oireachtas/house/dail/34/constituency/Sligo-Leitrim,485,544,89.2
Tipperary North,https://data.oireachtas.ie/ie/oireachtas/house/dail/34/constituency/Tipperary-North,345,408,84.6
Tipperary South,https://data.oireachtas.ie/ie/oireachtas/house/dail/34/constituency/Tipperary-South,256,408,62.7
Waterford,https://data.oireachtas.ie/ie/oireachtas/house/dail/34/constituency/Waterford,496,544,91.2
Wexford,https://data.oireachtas.ie/ie/oireachtas/house/dail/34/constituency/Wexford,387,430,90.0
Wicklow,https://data.oireachtas.ie/ie/oireachtas/house/dail/34/constituency/Wicklow,403,544,74.1
Wicklow-Wexford,https://data.oireachtas.ie/ie/oireachtas/house/dail/34/constituency/Wicklow-Wexford,387,408,94.9
