division_id,tally_rows,vote_rows,all_vote_codes_match,has_duplicate_member_vote,complete_member_vote_coverage
https://data.oireachtas.ie/ie/oireachtas/division/house/dail/34/2026-03-03/vote_57,152,152.0,True,False,True
https://data.oireachtas.ie/ie/oireachtas/division/house/dail/34/2026-03-04/vote_58,143,143.0,True,False,True
https://data.oireachtas.ie/ie/oireachtas/division/house/dail/34/2026-03-04/vote_59,144,144.0,True,False,True
https://data.oireachtas.ie/ie/oireachtas/division/house/dail/34/2026-03-24/vote_60,148,148.0,True,False,True
https://data.oireachtas.ie/ie/oireachtas/division/house/dail/34/2026-03-24/vote_61,150,150.0,True,False,True
https://data.oireachtas.ie/ie/oireachtas/division/house/dail/34/2026-03-24/vote_62,157,157.0,True,False,True
https://data.oireachtas.ie/ie/oireachtas/division/house/dail/34/2026-03-24/vote_63,157,157.0,True,False,True
https://data.oireachtas.ie/ie/oireachtas/division/house/dail/34/2026-03-25/vote_64,143,143.0,True,False,True
https://data.oireachtas.ie/ie/oireachtas/division/house/dail/34/2026-03-25/vote_65,146,146.0,True,False,True
https://data.oireachtas.ie/ie/oireachtas/division/house/dail/34/2026-03-25/vote_66,147,147.0,True,False,True
https://data.oireachtas.ie/ie/oireachtas/division/house/dail/34/2026-03-25/vote_67,148,148.0,True,False,True
https://data.oireachtas.ie/ie/oireachtas/division/house/dail/34/2026-03-25/vote_68,148,148.0,True,False,True
https://data.oireachtas.ie/ie/oireachtas/division/house/dail/34/2026-03-25/vote_69,148,148.0,True,False,True
https://data.oireachtas.ie/ie/oireachtas/division/house/dail/34/2026-03-25/vote_70,148,148.0,True,False,True
https://data.oireachtas.ie/ie/oireachtas/division/house/dail/34/2026-03-25/vote_71,148,148.0,True,False,True
https://data.oireachtas.ie/ie/oireachtas/division/house/dail/34/2026-03-25/vote_72,148,148.0,True,False,True
https://data.oireachtas.ie/ie/oireachtas/division/house/dail/34/2026-03-25/vote_73,148,148.0,True,False,True
https://data.oireachtas.ie/ie/oireachtas/division/house/dail/34/2026-03-25/vote_74,146,146.0,True,False,True
https://data.oireachtas.ie/ie/oireachtas/division/house/dail/34/2026-04-14/vote_75,167,167.0,True,False,True
https://data.oireachtas.ie/ie/oireachtas/division/house/dail/34/2026-04-14/vote_76,170,170.0,True,False,True
https://data.oireachtas.ie/ie/oireachtas/division/house/dail/34/2026-04-14/vote_77,166,166.0,True,False,True
https://data.oireachtas.ie/ie/oireachtas/division/house/dail/34/2026-04-14/vote_78,167,167.0,True,False,True
https://data.oireachtas.ie/ie/oireachtas/division/house/dail/34/2026-04-14/vote_79,167,167.0,True,False,True
https://data.oireachtas.ie/ie/oireachtas/division/house/dail/34/2026-04-15/vote_80,144,144.0,True,False,True
https://data.oireachtas.ie/ie/oireachtas/division/house/dail/34/2026-04-15/vote_81,150,150.0,True,False,True
https://data.oireachtas.ie/ie/oireachtas/division/house/dail/34/2026-04-15/vote_82,146,146.0,True,False,True
https://data.oireachtas.ie/ie/oireachtas/division/house/dail/34/2026-04-15/vote_83,148,148.0,True,False,True
https://data.oireachtas.ie/ie/oireachtas/division/house/dail/34/2026-04-15/vote_84,147,147.0,True,False,True
https://data.oireachtas.ie/ie/oireachtas/division/house/dail/34/2026-04-15/vote_85,148,148.0,True,False,True
https://data.oireachtas.ie/ie/oireachtas/division/house/dail/34/2026-04-15/vote_86,149,149.0,True,False,True
https://data.oireachtas.ie/ie/oireachtas/division/house/dail/34/2026-04-15/vote_87,149,149.0,True,False,True
https://data.oireachtas.ie/ie/oireachtas/division/house/dail/34/2026-04-15/vote_88,149,149.0,True,False,True
https://data.oireachtas.ie/ie/oireachtas/division/house/dail/34/2026-04-15/vote_89,149,149.0,True,False,True
https://data.oireachtas.ie/ie/oireachtas/division/house/dail/34/2026-04-21/vote_90,147,147.0,True,False,True
https://data.oireachtas.ie/ie/oireachtas/division/house/dail/34/2026-04-21/vote_91,143,143.0,True,False,True
https://data.oireachtas.ie/ie/oireachtas/division/house/dail/34/2026-04-22/vote_92,145,145.0,True,False,True
https://data.oireachtas.ie/ie/oireachtas/division/house/dail/34/2026-04-22/vote_93,145,145.0,True,False,True
https://data.oireachtas.ie/ie/oireachtas/division/house/dail/34/2026-04-28/vote_94,145,145.0,True,False,True
https://data.oireachtas.ie/ie/oireachtas/division/house/dail/34/2026-04-29/vote_95,147,147.0,True,False,True
https://data.oireachtas.ie/ie/oireachtas/division/house/dail/34/2026-04-29/vote_96,147,147.0,True,False,True
https://data.oireachtas.ie/ie/oireachtas/division/house/dail/34/2026-05-06/vote_97,138,138.0,True,False,True
https://data.oireachtas.ie/ie/oireachtas/division/house/dail/34/2026-05-12/vote_98,141,141.0,True,False,True
https://data.oireachtas.ie/ie/oireachtas/division/house/dail/34/2026-05-13/vote_100,139,139.0,True,False,True
https://data.oireachtas.ie/ie/oireachtas/division/house/dail/34/2026-05-13/vote_101,145,145.0,True,False,True
https://data.oireachtas.ie/ie/oireachtas/division/house/dail/34/2026-05-13/vote_102,147,147.0,True,False,True
https://data.oireachtas.ie/ie/oireachtas/division/house/dail/34/2026-05-13/vote_103,148,148.0,True,False,True
https://data.oireachtas.ie/ie/oireachtas/division/house/dail/34/2026-05-13/vote_104,147,147.0,True,False,True
https://data.oireachtas.ie/ie/oireachtas/division/house/dail/34/2026-05-13/vote_105,149,149.0,True,False,True
https://data.oireachtas.ie/ie/oireachtas/division/house/dail/34/2026-05-13/vote_106,149,149.0,True,False,True
https://data.oireachtas.ie/ie/oireachtas/division/house/dail/34/2026-05-13/vote_107,149,149.0,True,False,True
https://data.oireachtas.ie/ie/oireachtas/division/house/dail/34/2026-05-13/vote_108,149,149.0,True,False,True
https://data.oireachtas.ie/ie/oireachtas/division/house/dail/34/2026-05-13/vote_109,149,149.0,True,False,True
https://data.oireachtas.ie/ie/oireachtas/division/house/dail/34/2026-05-13/vote_110,151,151.0,True,False,True
https://data.oireachtas.ie/ie/oireachtas/division/house/dail/34/2026-05-13/vote_99,134,134.0,True,False,True
https://data.oireachtas.ie/ie/oireachtas/division/house/dail/34/2026-05-19/vote_111,147,147.0,True,False,True
https://data.oireachtas.ie/ie/oireachtas/division/house/dail/34/2026-05-20/vote_112,124,124.0,True,False,True
https://data.oireachtas.ie/ie/oireachtas/division/house/dail/34/2026-05-20/vote_113,125,125.0,True,False,True
https://data.oireachtas.ie/ie/oireachtas/division/house/dail/34/2026-05-20/vote_114,133,133.0,True,False,True
https://data.oireachtas.ie/ie/oireachtas/division/house/dail/34/2026-05-20/vote_115,139,139.0,True,False,True
https://data.oireachtas.ie/ie/oireachtas/division/house/dail/34/2026-05-20/vote_116,138,138.0,True,False,True
https://data.oireachtas.ie/ie/oireachtas/division/house/dail/34/2026-05-20/vote_117,138,138.0,True,False,True
https://data.oireachtas.ie/ie/oireachtas/division/house/dail/34/2026-05-20/vote_118,137,137.0,True,False,True
https://data.oireachtas.ie/ie/oireachtas/division/house/dail/34/2026-05-20/vote_119,138,138.0,True,False,True
https://data.oireachtas.ie/ie/oireachtas/division/house/dail/34/2026-05-20/vote_120,138,138.0,True,False,True
https://data.oireachtas.ie/ie/oireachtas/division/house/dail/34/2026-05-26/vote_121,148,148.0,True,False,True
https://data.oireachtas.ie/ie/oireachtas/division/house/dail/34/2026-05-27/vote_122,132,132.0,True,False,True
https://data.oireachtas.ie/ie/oireachtas/division/house/dail/34/2026-05-27/vote_123,137,137.0,True,False,True
https://data.oireachtas.ie/ie/oireachtas/division/house/dail/34/2026-05-27/vote_124,141,141.0,True,False,True
https://data.oireachtas.ie/ie/oireachtas/division/house/dail/34/2026-05-27/vote_125,142,142.0,True,False,True
https://data.oireachtas.ie/ie/oireachtas/division/house/dail/34/2026-05-27/vote_126,142,142.0,True,False,True
https://data.oireachtas.ie/ie/oireachtas/division/house/dail/34/2026-05-27/vote_127,144,144.0,True,False,True
https://data.oireachtas.ie/ie/oireachtas/division/house/dail/34/2026-05-27/vote_128,144,144.0,True,False,True
https://data.oireachtas.ie/ie/oireachtas/division/house/dail/34/2026-06-09/vote_129,147,147.0,True,False,True
https://data.oireachtas.ie/ie/oireachtas/division/house/dail/34/2026-06-10/vote_130,146,146.0,True,False,True
https://data.oireachtas.ie/ie/oireachtas/division/house/dail/34/2026-06-10/vote_131,147,147.0,True,False,True
https://data.oireachtas.ie/ie/oireachtas/division/house/dail/34/2026-06-10/vote_132,146,146.0,True,False,True
https://data.oireachtas.ie/ie/oireachtas/division/house/dail/34/2026-06-10/vote_133,149,149.0,True,False,True
https://data.oireachtas.ie/ie/oireachtas/division/house/dail/34/2026-06-10/vote_134,149,149.0,True,False,True
https://data.oireachtas.ie/ie/oireachtas/division/house/dail/34/2026-06-10/vote_135,149,149.0,True,False,True
https://data.oireachtas.ie/ie/oireachtas/division/house/dail/34/2026-06-10/vote_136,149,149.0,True,False,True
https://data.oireachtas.ie/ie/oireachtas/division/house/dail/34/2026-06-10/vote_137,149,149.0,True,False,True
https://data.oireachtas.ie/ie/oireachtas/division/house/dail/34/2026-06-16/vote_138,151,151.0,True,False,True
https://data.oireachtas.ie/ie/oireachtas/division/house/dail/34/2026-06-17/vote_139,136,136.0,True,False,True
https://data.oireachtas.ie/ie/oireachtas/division/house/dail/34/2026-06-17/vote_140,144,144.0,True,False,True
https://data.oireachtas.ie/ie/oireachtas/division/house/dail/34/2026-06-17/vote_141,142,142.0,True,False,True
https://data.oireachtas.ie/ie/oireachtas/division/house/dail/34/2026-06-17/vote_142,153,153.0,True,False,True
https://data.oireachtas.ie/ie/oireachtas/division/house/dail/34/2026-06-17/vote_143,147,147.0,True,False,True
https://data.oireachtas.ie/ie/oireachtas/division/house/dail/34/2026-06-17/vote_144,149,149.0,True,False,True
https://data.oireachtas.ie/ie/oireachtas/division/house/dail/34/2026-06-17/vote_145,148,148.0,True,False,True
https://data.oireachtas.ie/ie/oireachtas/division/house/dail/34/2026-06-17/vote_146,154,154.0,True,False,True
https://data.oireachtas.ie/ie/oireachtas/division/house/dail/34/2026-06-17/vote_147,154,154.0,True,False,True
https://data.oireachtas.ie/ie/oireachtas/division/house/dail/34/2026-06-17/vote_148,153,153.0,True,False,True
https://data.oireachtas.ie/ie/oireachtas/division/house/dail/34/2026-06-17/vote_149,156,156.0,True,False,True
https://data.oireachtas.ie/ie/oireachtas/division/house/dail/34/2026-06-17/vote_150,154,154.0,True,False,True
https://data.oireachtas.ie/ie/oireachtas/division/house/dail/34/2026-06-17/vote_151,153,153.0,True,False,True
https://data.oireachtas.ie/ie/oireachtas/division/house/dail/34/2026-06-23/vote_152,152,152.0,True,False,True
https://data.oireachtas.ie/ie/oireachtas/division/house/dail/34/2026-06-24/vote_153,142,142.0,True,False,True
https://data.oireachtas.ie/ie/oireachtas/division/house/dail/34/2026-06-24/vote_154,141,141.0,True,False,True
https://data.oireachtas.ie/ie/oireachtas/division/house/dail/34/2026-06-24/vote_155,147,147.0,True,False,True
https://data.oireachtas.ie/ie/oireachtas/division/house/dail/34/2026-06-24/vote_156,147,147.0,True,False,True
https://data.oireachtas.ie/ie/oireachtas/division/house/dail/34/2026-06-24/vote_157,147,147.0,True,False,True
https://data.oireachtas.ie/ie/oireachtas/division/house/dail/34/2026-06-24/vote_158,147,147.0,True,False,True
https://data.oireachtas.ie/ie/oireachtas/division/house/dail/34/2026-06-30/vote_159,159,159.0,True,False,True
https://data.oireachtas.ie/ie/oireachtas/division/house/dail/34/2026-06-30/vote_160,152,152.0,True,False,True
https://data.oireachtas.ie/ie/oireachtas/division/house/dail/34/2026-06-30/vote_161,150,150.0,True,False,True
https://data.oireachtas.ie/ie/oireachtas/division/house/dail/34/2026-06-30/vote_162,147,147.0,True,False,True
https://data.oireachtas.ie/ie/oireachtas/division/house/dail/34/2026-06-30/vote_163,146,146.0,True,False,True
https://data.oireachtas.ie/ie/oireachtas/division/house/dail/34/2026-06-30/vote_164,147,147.0,True,False,True
https://data.oireachtas.ie/ie/oireachtas/division/house/dail/34/2026-06-30/vote_165,146,146.0,True,False,True
https://data.oireachtas.ie/ie/oireachtas/division/house/dail/34/2026-06-30/vote_166,138,138.0,True,False,True
https://data.oireachtas.ie/ie/oireachtas/division/house/dail/34/2026-06-30/vote_167,139,139.0,True,False,True
https://data.oireachtas.ie/ie/oireachtas/division/house/dail/34/2026-07-07/vote_168,145,145.0,True,False,True
https://data.oireachtas.ie/ie/oireachtas/division/house/dail/34/2026-07-07/vote_169,146,146.0,True,False,True
https://data.oireachtas.ie/ie/oireachtas/division/house/dail/34/2026-07-08/vote_170,141,141.0,True,False,True
https://data.oireachtas.ie/ie/oireachtas/division/house/dail/34/2026-07-08/vote_171,143,143.0,True,False,True
https://data.oireachtas.ie/ie/oireachtas/division/house/dail/34/2026-07-08/vote_172,149,149.0,True,False,True
https://data.oireachtas.ie/ie/oireachtas/division/house/dail/34/2026-07-08/vote_173,138,138.0,True,False,True
https://data.oireachtas.ie/ie/oireachtas/division/house/dail/34/2026-07-08/vote_174,147,147.0,True,False,True
https://data.oireachtas.ie/ie/oireachtas/division/house/dail/34/2026-07-08/vote_175,145,145.0,True,False,True
https://data.oireachtas.ie/ie/oireachtas/division/house/dail/34/2026-07-08/vote_176,147,147.0,True,False,True
https://data.oireachtas.ie/ie/oireachtas/division/house/dail/34/2026-07-08/vote_177,145,145.0,True,False,True
https://data.oireachtas.ie/ie/oireachtas/division/house/dail/34/2026-07-08/vote_178,147,147.0,True,False,True
https://data.oireachtas.ie/ie/oireachtas/division/house/dail/34/2026-07-08/vote_179,146,146.0,True,False,True
https://data.oireachtas.ie/ie/oireachtas/division/house/dail/34/2026-07-08/vote_180,148,148.0,True,False,True
https://data.oireachtas.ie/ie/oireachtas/division/house/dail/34/2026-07-08/vote_181,148,148.0,True,False,True
https://data.oireachtas.ie/ie/oireachtas/division/house/dail/34/2026-07-08/vote_182,148,148.0,True,False,True
https://data.oireachtas.ie/ie/oireachtas/division/house/dail/34/2026-07-08/vote_183,149,149.0,True,False,True
https://data.oireachtas.ie/ie/oireachtas/division/house/dail/34/2026-07-08/vote_184,148,148.0,True,False,True
https://data.oireachtas.ie/ie/oireachtas/division/house/dail/34/2026-07-14/vote_185,150,150.0,True,False,True
https://data.oireachtas.ie/ie/oireachtas/division/house/dail/34/2026-07-15/vote_186,138,138.0,True,False,True
https://data.oireachtas.ie/ie/oireachtas/division/house/dail/34/2026-07-15/vote_187,142,142.0,True,False,True
https://data.oireachtas.ie/ie/oireachtas/division/house/dail/34/2026-07-15/vote_188,141,141.0,True,False,True
https://data.oireachtas.ie/ie/oireachtas/division/house/dail/34/2026-07-15/vote_189,150,150.0,True,False,True
https://data.oireachtas.ie/ie/oireachtas/division/house/dail/34/2026-08-28/vote_190,151,151.0,True,False,True
https://data.oireachtas.ie/ie/oireachtas/division/house/dail/34/2026-08-28/vote_191,153,153.0,True,False,True
https://data.oireachtas.ie/ie/oireachtas/division/house/dail/34/2026-08-28/vote_192,153,153.0,True,False,True
