party_name,party_uri,recorded_participation_opportunities,eligible_division_opportunities,recorded_participation_pct
100% RDR,https://data.oireachtas.ie/ie/oireachtas/party/dail/34/100%_RDR,60,136,44.1
Aontú,https://data.oireachtas.ie/ie/oireachtas/party/dail/34/Aontú,234,272,86.0
Fianna Fáil,https://data.oireachtas.ie/ie/oireachtas/party/dail/34/Fianna_Fáil,5701,6514,87.5
Fine Gael,https://data.oireachtas.ie/ie/oireachtas/party/dail/34/Fine_Gael,4374,5104,85.7
Green Party,https://data.oireachtas.ie/ie/oireachtas/party/dail/34/Green_Party,110,136,80.9
Independent,https://data.oireachtas.ie/ie/oireachtas/party/dail/34/Independent,1393,1926,72.3
Independent Ireland,https://data.oireachtas.ie/ie/oireachtas/party/dail/34/Independent_Ireland,336,544,61.8
Labour Party,https://data.oireachtas.ie/ie/oireachtas/party/dail/34/Labour_Party,1269,1496,84.8
People Before Profit-Solidarity,https://data.oireachtas.ie/ie/oireachtas/party/dail/34/People_Before_Profit_Solidarity,320,408,78.4
Sinn Féin,https://data.oireachtas.ie/ie/oireachtas/party/dail/34/Sinn_Féin,4746,5304,89.5
Social Democrats,https://data.oireachtas.ie/ie/oireachtas/party/dail/34/Social_Democrats,1413,1568,90.1
