division_id,presiding_member_code,presiding_speaker_name,presiding_evidence
https://data.oireachtas.ie/ie/oireachtas/division/house/dail/34/2026-06-17/vote_142,John-McGuinness.D.1997-06-26,An Leas-Cheann Comhairle,same_section_last_chair_speech
https://data.oireachtas.ie/ie/oireachtas/division/house/dail/34/2026-06-17/vote_143,Verona-Murphy.D.2020-02-08,An Ceann Comhairle,same_section_last_chair_speech
https://data.oireachtas.ie/ie/oireachtas/division/house/dail/34/2026-06-17/vote_144,Verona-Murphy.D.2020-02-08,An Ceann Comhairle,same_section_last_chair_speech
https://data.oireachtas.ie/ie/oireachtas/division/house/dail/34/2026-06-17/vote_145,Verona-Murphy.D.2020-02-08,An Ceann Comhairle,same_section_last_chair_speech
https://data.oireachtas.ie/ie/oireachtas/division/house/dail/34/2026-06-17/vote_146,Verona-Murphy.D.2020-02-08,An Ceann Comhairle,same_section_last_chair_speech
https://data.oireachtas.ie/ie/oireachtas/division/house/dail/34/2026-06-17/vote_147,Verona-Murphy.D.2020-02-08,An Ceann Comhairle,same_section_last_chair_speech
https://data.oireachtas.ie/ie/oireachtas/division/house/dail/34/2026-06-17/vote_148,Micheál-Carrigy.S.2020-03-30,An Cathaoirleach Gníomhach (Deputy Micheál Carrigy),same_section_last_chair_speech
https://data.oireachtas.ie/ie/oireachtas/division/house/dail/34/2026-06-17/vote_149,Verona-Murphy.D.2020-02-08,An Ceann Comhairle,same_section_last_chair_speech
https://data.oireachtas.ie/ie/oireachtas/division/house/dail/34/2026-06-17/vote_150,Verona-Murphy.D.2020-02-08,An Ceann Comhairle,same_section_last_chair_speech
https://data.oireachtas.ie/ie/oireachtas/division/house/dail/34/2026-06-17/vote_151,Verona-Murphy.D.2020-02-08,An Ceann Comhairle,same_section_last_chair_speech
https://data.oireachtas.ie/ie/oireachtas/division/house/dail/34/2026-06-17/vote_139,Verona-Murphy.D.2020-02-08,An Ceann Comhairle,same_section_last_chair_speech
https://data.oireachtas.ie/ie/oireachtas/division/house/dail/34/2026-06-17/vote_140,Aidan-Farrelly.D.2024-11-29,An Cathaoirleach Gníomhach (Deputy Aidan Farrelly),same_section_last_chair_speech
https://data.oireachtas.ie/ie/oireachtas/division/house/dail/34/2026-06-17/vote_141,Aidan-Farrelly.D.2024-11-29,An Cathaoirleach Gníomhach (Deputy Aidan Farrelly),same_section_last_chair_speech
https://data.oireachtas.ie/ie/oireachtas/division/house/dail/34/2026-06-16/vote_138,Verona-Murphy.D.2020-02-08,An Ceann Comhairle,same_section_last_chair_speech
https://data.oireachtas.ie/ie/oireachtas/division/house/dail/34/2026-06-10/vote_130,Verona-Murphy.D.2020-02-08,An Ceann Comhairle,same_section_last_chair_speech
https://data.oireachtas.ie/ie/oireachtas/division/house/dail/34/2026-06-10/vote_131,Verona-Murphy.D.2020-02-08,An Ceann Comhairle,same_section_last_chair_speech
https://data.oireachtas.ie/ie/oireachtas/division/house/dail/34/2026-06-10/vote_132,Verona-Murphy.D.2020-02-08,An Ceann Comhairle,same_section_last_chair_speech
https://data.oireachtas.ie/ie/oireachtas/division/house/dail/34/2026-06-10/vote_133,Verona-Murphy.D.2020-02-08,An Ceann Comhairle,same_section_last_chair_speech
https://data.oireachtas.ie/ie/oireachtas/division/house/dail/34/2026-06-10/vote_134,Verona-Murphy.D.2020-02-08,An Ceann Comhairle,same_section_last_chair_speech
https://data.oireachtas.ie/ie/oireachtas/division/house/dail/34/2026-06-10/vote_135,Verona-Murphy.D.2020-02-08,An Ceann Comhairle,same_section_last_chair_speech
https://data.oireachtas.ie/ie/oireachtas/division/house/dail/34/2026-06-10/vote_136,Verona-Murphy.D.2020-02-08,An Ceann Comhairle,same_section_last_chair_speech
https://data.oireachtas.ie/ie/oireachtas/division/house/dail/34/2026-06-10/vote_137,Verona-Murphy.D.2020-02-08,An Ceann Comhairle,same_section_last_chair_speech
https://data.oireachtas.ie/ie/oireachtas/division/house/dail/34/2026-06-09/vote_129,Verona-Murphy.D.2020-02-08,An Ceann Comhairle,same_section_last_chair_speech
https://data.oireachtas.ie/ie/oireachtas/division/house/dail/34/2026-05-27/vote_125,Verona-Murphy.D.2020-02-08,An Ceann Comhairle,same_section_last_chair_speech
https://data.oireachtas.ie/ie/oireachtas/division/house/dail/34/2026-05-27/vote_126,Verona-Murphy.D.2020-02-08,An Ceann Comhairle,same_section_last_chair_speech
https://data.oireachtas.ie/ie/oireachtas/division/house/dail/34/2026-05-27/vote_127,Verona-Murphy.D.2020-02-08,An Ceann Comhairle,same_section_last_chair_speech
https://data.oireachtas.ie/ie/oireachtas/division/house/dail/34/2026-05-27/vote_128,Verona-Murphy.D.2020-02-08,An Ceann Comhairle,same_section_last_chair_speech
https://data.oireachtas.ie/ie/oireachtas/division/house/dail/34/2026-05-27/vote_122,Verona-Murphy.D.2020-02-08,An Ceann Comhairle,same_section_last_chair_speech
https://data.oireachtas.ie/ie/oireachtas/division/house/dail/34/2026-05-27/vote_123,Verona-Murphy.D.2020-02-08,An Ceann Comhairle,same_section_last_chair_speech
https://data.oireachtas.ie/ie/oireachtas/division/house/dail/34/2026-05-27/vote_124,Verona-Murphy.D.2020-02-08,An Ceann Comhairle,same_section_last_chair_speech
https://data.oireachtas.ie/ie/oireachtas/division/house/dail/34/2026-05-26/vote_121,Verona-Murphy.D.2020-02-08,An Ceann Comhairle,same_section_last_chair_speech
https://data.oireachtas.ie/ie/oireachtas/division/house/dail/34/2026-05-20/vote_112,John-McGuinness.D.1997-06-26,An Leas-Cheann Comhairle,same_section_last_chair_speech
https://data.oireachtas.ie/ie/oireachtas/division/house/dail/34/2026-05-20/vote_113,John-McGuinness.D.1997-06-26,An Leas-Cheann Comhairle,same_section_last_chair_speech
https://data.oireachtas.ie/ie/oireachtas/division/house/dail/34/2026-05-20/vote_114,John-McGuinness.D.1997-06-26,An Leas-Cheann Comhairle,same_section_last_chair_speech
https://data.oireachtas.ie/ie/oireachtas/division/house/dail/34/2026-05-20/vote_115,Verona-Murphy.D.2020-02-08,An Ceann Comhairle,same_section_last_chair_speech
https://data.oireachtas.ie/ie/oireachtas/division/house/dail/34/2026-05-20/vote_116,Verona-Murphy.D.2020-02-08,An Ceann Comhairle,same_section_last_chair_speech
https://data.oireachtas.ie/ie/oireachtas/division/house/dail/34/2026-05-20/vote_117,Verona-Murphy.D.2020-02-08,An Ceann Comhairle,same_section_last_chair_speech
https://data.oireachtas.ie/ie/oireachtas/division/house/dail/34/2026-05-20/vote_118,Verona-Murphy.D.2020-02-08,An Ceann Comhairle,same_section_last_chair_speech
https://data.oireachtas.ie/ie/oireachtas/division/house/dail/34/2026-05-20/vote_119,Verona-Murphy.D.2020-02-08,An Ceann Comhairle,same_section_last_chair_speech
https://data.oireachtas.ie/ie/oireachtas/division/house/dail/34/2026-05-20/vote_120,Verona-Murphy.D.2020-02-08,An Ceann Comhairle,same_section_last_chair_speech
https://data.oireachtas.ie/ie/oireachtas/division/house/dail/34/2026-05-19/vote_111,Verona-Murphy.D.2020-02-08,An Ceann Comhairle,same_section_last_chair_speech
https://data.oireachtas.ie/ie/oireachtas/division/house/dail/34/2026-05-13/vote_102,Verona-Murphy.D.2020-02-08,An Ceann Comhairle,same_section_last_chair_speech
https://data.oireachtas.ie/ie/oireachtas/division/house/dail/34/2026-05-13/vote_103,Verona-Murphy.D.2020-02-08,An Ceann Comhairle,same_section_last_chair_speech
https://data.oireachtas.ie/ie/oireachtas/division/house/dail/34/2026-05-13/vote_104,Verona-Murphy.D.2020-02-08,An Ceann Comhairle,same_section_last_chair_speech
https://data.oireachtas.ie/ie/oireachtas/division/house/dail/34/2026-05-13/vote_105,Verona-Murphy.D.2020-02-08,An Ceann Comhairle,same_section_last_chair_speech
https://data.oireachtas.ie/ie/oireachtas/division/house/dail/34/2026-05-13/vote_106,Verona-Murphy.D.2020-02-08,An Ceann Comhairle,same_section_last_chair_speech
https://data.oireachtas.ie/ie/oireachtas/division/house/dail/34/2026-05-13/vote_107,Verona-Murphy.D.2020-02-08,An Ceann Comhairle,same_section_last_chair_speech
https://data.oireachtas.ie/ie/oireachtas/division/house/dail/34/2026-05-13/vote_108,Verona-Murphy.D.2020-02-08,An Ceann Comhairle,same_section_last_chair_speech
https://data.oireachtas.ie/ie/oireachtas/division/house/dail/34/2026-05-13/vote_109,Verona-Murphy.D.2020-02-08,An Ceann Comhairle,same_section_last_chair_speech
https://data.oireachtas.ie/ie/oireachtas/division/house/dail/34/2026-05-13/vote_110,Verona-Murphy.D.2020-02-08,An Ceann Comhairle,same_section_last_chair_speech
https://data.oireachtas.ie/ie/oireachtas/division/house/dail/34/2026-05-13/vote_99,John-McGuinness.D.1997-06-26,An Leas-Cheann Comhairle,same_section_last_chair_speech
https://data.oireachtas.ie/ie/oireachtas/division/house/dail/34/2026-05-13/vote_100,John-McGuinness.D.1997-06-26,An Leas-Cheann Comhairle,same_section_last_chair_speech
https://data.oireachtas.ie/ie/oireachtas/division/house/dail/34/2026-05-13/vote_101,John-McGuinness.D.1997-06-26,An Leas-Cheann Comhairle,same_section_last_chair_speech
https://data.oireachtas.ie/ie/oireachtas/division/house/dail/34/2026-05-12/vote_98,Verona-Murphy.D.2020-02-08,An Ceann Comhairle,same_section_last_chair_speech
https://data.oireachtas.ie/ie/oireachtas/division/house/dail/34/2026-05-06/vote_97,Verona-Murphy.D.2020-02-08,An Ceann Comhairle,same_section_last_chair_speech
https://data.oireachtas.ie/ie/oireachtas/division/house/dail/34/2026-04-29/vote_95,Verona-Murphy.D.2020-02-08,An Ceann Comhairle,same_section_last_chair_speech
https://data.oireachtas.ie/ie/oireachtas/division/house/dail/34/2026-04-29/vote_96,Verona-Murphy.D.2020-02-08,An Ceann Comhairle,same_section_last_chair_speech
https://data.oireachtas.ie/ie/oireachtas/division/house/dail/34/2026-04-28/vote_94,Verona-Murphy.D.2020-02-08,An Ceann Comhairle,same_section_last_chair_speech
https://data.oireachtas.ie/ie/oireachtas/division/house/dail/34/2026-04-22/vote_92,Verona-Murphy.D.2020-02-08,An Ceann Comhairle,same_section_last_chair_speech
https://data.oireachtas.ie/ie/oireachtas/division/house/dail/34/2026-04-22/vote_93,Verona-Murphy.D.2020-02-08,An Ceann Comhairle,same_section_last_chair_speech
https://data.oireachtas.ie/ie/oireachtas/division/house/dail/34/2026-04-21/vote_90,Verona-Murphy.D.2020-02-08,An Ceann Comhairle,same_section_last_chair_speech
https://data.oireachtas.ie/ie/oireachtas/division/house/dail/34/2026-04-21/vote_91,Verona-Murphy.D.2020-02-08,An Ceann Comhairle,same_debate_prior_chair_speech
https://data.oireachtas.ie/ie/oireachtas/division/house/dail/34/2026-04-15/vote_80,Verona-Murphy.D.2020-02-08,An Ceann Comhairle,same_section_last_chair_speech
https://data.oireachtas.ie/ie/oireachtas/division/house/dail/34/2026-04-15/vote_81,Verona-Murphy.D.2020-02-08,An Ceann Comhairle,same_section_last_chair_speech
https://data.oireachtas.ie/ie/oireachtas/division/house/dail/34/2026-04-15/vote_82,Verona-Murphy.D.2020-02-08,An Ceann Comhairle,same_section_last_chair_speech
https://data.oireachtas.ie/ie/oireachtas/division/house/dail/34/2026-04-15/vote_83,Verona-Murphy.D.2020-02-08,An Ceann Comhairle,same_section_last_chair_speech
https://data.oireachtas.ie/ie/oireachtas/division/house/dail/34/2026-04-15/vote_84,Verona-Murphy.D.2020-02-08,An Ceann Comhairle,same_section_last_chair_speech
https://data.oireachtas.ie/ie/oireachtas/division/house/dail/34/2026-04-15/vote_85,Verona-Murphy.D.2020-02-08,An Ceann Comhairle,same_section_last_chair_speech
https://data.oireachtas.ie/ie/oireachtas/division/house/dail/34/2026-04-15/vote_86,Verona-Murphy.D.2020-02-08,An Ceann Comhairle,same_section_last_chair_speech
https://data.oireachtas.ie/ie/oireachtas/division/house/dail/34/2026-04-15/vote_87,Verona-Murphy.D.2020-02-08,An Ceann Comhairle,same_section_last_chair_speech
https://data.oireachtas.ie/ie/oireachtas/division/house/dail/34/2026-04-15/vote_88,Verona-Murphy.D.2020-02-08,An Ceann Comhairle,same_section_last_chair_speech
https://data.oireachtas.ie/ie/oireachtas/division/house/dail/34/2026-04-15/vote_89,Verona-Murphy.D.2020-02-08,An Ceann Comhairle,same_section_last_chair_speech
https://data.oireachtas.ie/ie/oireachtas/division/house/dail/34/2026-04-14/vote_75,Verona-Murphy.D.2020-02-08,An Ceann Comhairle,same_section_last_chair_speech
https://data.oireachtas.ie/ie/oireachtas/division/house/dail/34/2026-04-14/vote_76,John-McGuinness.D.1997-06-26,An Leas-Cheann Comhairle,same_section_last_chair_speech
https://data.oireachtas.ie/ie/oireachtas/division/house/dail/34/2026-04-14/vote_77,Verona-Murphy.D.2020-02-08,An Ceann Comhairle,same_section_last_chair_speech
https://data.oireachtas.ie/ie/oireachtas/division/house/dail/34/2026-04-14/vote_78,Verona-Murphy.D.2020-02-08,An Ceann Comhairle,same_section_last_chair_speech
https://data.oireachtas.ie/ie/oireachtas/division/house/dail/34/2026-04-14/vote_79,Verona-Murphy.D.2020-02-08,An Ceann Comhairle,same_debate_prior_chair_speech
https://data.oireachtas.ie/ie/oireachtas/division/house/dail/34/2026-06-24/vote_153,Verona-Murphy.D.2020-02-08,An Ceann Comhairle,same_section_last_chair_speech
https://data.oireachtas.ie/ie/oireachtas/division/house/dail/34/2026-06-24/vote_154,Verona-Murphy.D.2020-02-08,An Ceann Comhairle,same_section_last_chair_speech
https://data.oireachtas.ie/ie/oireachtas/division/house/dail/34/2026-06-24/vote_155,Verona-Murphy.D.2020-02-08,An Ceann Comhairle,same_section_last_chair_speech
https://data.oireachtas.ie/ie/oireachtas/division/house/dail/34/2026-06-24/vote_156,Verona-Murphy.D.2020-02-08,An Ceann Comhairle,same_section_last_chair_speech
https://data.oireachtas.ie/ie/oireachtas/division/house/dail/34/2026-06-24/vote_157,Verona-Murphy.D.2020-02-08,An Ceann Comhairle,same_section_last_chair_speech
https://data.oireachtas.ie/ie/oireachtas/division/house/dail/34/2026-06-24/vote_158,Verona-Murphy.D.2020-02-08,An Ceann Comhairle,same_section_last_chair_speech
https://data.oireachtas.ie/ie/oireachtas/division/house/dail/34/2026-06-23/vote_152,John-McGuinness.D.1997-06-26,An Leas-Cheann Comhairle,same_section_last_chair_speech
https://data.oireachtas.ie/ie/oireachtas/division/house/dail/34/2026-06-30/vote_159,Verona-Murphy.D.2020-02-08,An Ceann Comhairle,same_section_last_chair_speech
https://data.oireachtas.ie/ie/oireachtas/division/house/dail/34/2026-06-30/vote_160,Verona-Murphy.D.2020-02-08,An Ceann Comhairle,same_section_last_chair_speech
https://data.oireachtas.ie/ie/oireachtas/division/house/dail/34/2026-06-30/vote_161,Verona-Murphy.D.2020-02-08,An Ceann Comhairle,same_section_last_chair_speech
https://data.oireachtas.ie/ie/oireachtas/division/house/dail/34/2026-06-30/vote_162,Verona-Murphy.D.2020-02-08,An Ceann Comhairle,same_section_last_chair_speech
https://data.oireachtas.ie/ie/oireachtas/division/house/dail/34/2026-06-30/vote_163,Verona-Murphy.D.2020-02-08,An Ceann Comhairle,same_section_last_chair_speech
https://data.oireachtas.ie/ie/oireachtas/division/house/dail/34/2026-06-30/vote_164,Verona-Murphy.D.2020-02-08,An Ceann Comhairle,same_section_last_chair_speech
https://data.oireachtas.ie/ie/oireachtas/division/house/dail/34/2026-06-30/vote_165,Verona-Murphy.D.2020-02-08,An Ceann Comhairle,same_section_last_chair_speech
https://data.oireachtas.ie/ie/oireachtas/division/house/dail/34/2026-06-30/vote_166,Verona-Murphy.D.2020-02-08,An Ceann Comhairle,same_section_last_chair_speech
https://data.oireachtas.ie/ie/oireachtas/division/house/dail/34/2026-06-30/vote_167,Verona-Murphy.D.2020-02-08,An Ceann Comhairle,same_section_last_chair_speech
https://data.oireachtas.ie/ie/oireachtas/division/house/dail/34/2026-07-08/vote_175,Verona-Murphy.D.2020-02-08,An Ceann Comhairle,same_section_last_chair_speech
https://data.oireachtas.ie/ie/oireachtas/division/house/dail/34/2026-07-08/vote_176,Verona-Murphy.D.2020-02-08,An Ceann Comhairle,same_section_last_chair_speech
https://data.oireachtas.ie/ie/oireachtas/division/house/dail/34/2026-07-08/vote_177,Verona-Murphy.D.2020-02-08,An Ceann Comhairle,same_section_last_chair_speech
https://data.oireachtas.ie/ie/oireachtas/division/house/dail/34/2026-07-08/vote_178,Verona-Murphy.D.2020-02-08,An Ceann Comhairle,same_section_last_chair_speech
https://data.oireachtas.ie/ie/oireachtas/division/house/dail/34/2026-07-08/vote_179,Verona-Murphy.D.2020-02-08,An Ceann Comhairle,same_section_last_chair_speech
https://data.oireachtas.ie/ie/oireachtas/division/house/dail/34/2026-07-08/vote_180,Verona-Murphy.D.2020-02-08,An Ceann Comhairle,same_section_last_chair_speech
https://data.oireachtas.ie/ie/oireachtas/division/house/dail/34/2026-07-08/vote_181,Verona-Murphy.D.2020-02-08,An Ceann Comhairle,same_section_last_chair_speech
https://data.oireachtas.ie/ie/oireachtas/division/house/dail/34/2026-07-08/vote_182,Verona-Murphy.D.2020-02-08,An Ceann Comhairle,same_section_last_chair_speech
https://data.oireachtas.ie/ie/oireachtas/division/house/dail/34/2026-07-08/vote_183,Verona-Murphy.D.2020-02-08,An Ceann Comhairle,same_section_last_chair_speech
https://data.oireachtas.ie/ie/oireachtas/division/house/dail/34/2026-07-08/vote_184,Verona-Murphy.D.2020-02-08,An Ceann Comhairle,same_section_last_chair_speech
https://data.oireachtas.ie/ie/oireachtas/division/house/dail/34/2026-07-08/vote_170,John-McGuinness.D.1997-06-26,An Leas-Cheann Comhairle,same_section_last_chair_speech
https://data.oireachtas.ie/ie/oireachtas/division/house/dail/34/2026-07-08/vote_171,John-McGuinness.D.1997-06-26,An Leas-Cheann Comhairle,same_section_last_chair_speech
https://data.oireachtas.ie/ie/oireachtas/division/house/dail/34/2026-07-08/vote_172,Verona-Murphy.D.2020-02-08,An Ceann Comhairle,same_section_last_chair_speech
https://data.oireachtas.ie/ie/oireachtas/division/house/dail/34/2026-07-08/vote_173,Verona-Murphy.D.2020-02-08,An Ceann Comhairle,same_section_last_chair_speech
https://data.oireachtas.ie/ie/oireachtas/division/house/dail/34/2026-07-08/vote_174,Verona-Murphy.D.2020-02-08,An Ceann Comhairle,same_section_last_chair_speech
https://data.oireachtas.ie/ie/oireachtas/division/house/dail/34/2026-07-07/vote_168,Verona-Murphy.D.2020-02-08,An Ceann Comhairle,same_debate_prior_chair_speech
https://data.oireachtas.ie/ie/oireachtas/division/house/dail/34/2026-07-07/vote_169,John-McGuinness.D.1997-06-26,An Leas-Cheann Comhairle,same_section_last_chair_speech
https://data.oireachtas.ie/ie/oireachtas/division/house/dail/34/2026-07-15/vote_186,John-McGuinness.D.1997-06-26,An Leas-Cheann Comhairle,same_section_last_chair_speech
https://data.oireachtas.ie/ie/oireachtas/division/house/dail/34/2026-07-15/vote_187,John-McGuinness.D.1997-06-26,An Leas-Cheann Comhairle,same_section_last_chair_speech
https://data.oireachtas.ie/ie/oireachtas/division/house/dail/34/2026-07-15/vote_188,John-McGuinness.D.1997-06-26,An Leas-Cheann Comhairle,same_section_last_chair_speech
https://data.oireachtas.ie/ie/oireachtas/division/house/dail/34/2026-07-15/vote_189,John-McGuinness.D.1997-06-26,An Leas-Cheann Comhairle,same_section_last_chair_speech
https://data.oireachtas.ie/ie/oireachtas/division/house/dail/34/2026-07-14/vote_185,Verona-Murphy.D.2020-02-08,An Ceann Comhairle,same_section_last_chair_speech
https://data.oireachtas.ie/ie/oireachtas/division/house/dail/34/2026-08-28/vote_190,Verona-Murphy.D.2020-02-08,An Ceann Comhairle,same_section_last_chair_speech
https://data.oireachtas.ie/ie/oireachtas/division/house/dail/34/2026-08-28/vote_191,Verona-Murphy.D.2020-02-08,An Ceann Comhairle,same_section_last_chair_speech
https://data.oireachtas.ie/ie/oireachtas/division/house/dail/34/2026-08-28/vote_192,Verona-Murphy.D.2020-02-08,An Ceann Comhairle,same_section_last_chair_speech
https://data.oireachtas.ie/ie/oireachtas/division/house/dail/34/2026-09-30/vote_206,John-McGuinness.D.1997-06-26,An Leas-Cheann Comhairle,same_section_last_chair_speech
https://data.oireachtas.ie/ie/oireachtas/division/house/dail/34/2026-09-30/vote_207,Verona-Murphy.D.2020-02-08,An Ceann Comhairle,same_section_last_chair_speech
https://data.oireachtas.ie/ie/oireachtas/division/house/dail/34/2026-09-30/vote_208,Verona-Murphy.D.2020-02-08,An Ceann Comhairle,same_section_last_chair_speech
https://data.oireachtas.ie/ie/oireachtas/division/house/dail/34/2026-09-30/vote_209,John-McGuinness.D.1997-06-26,An Leas-Cheann Comhairle,same_section_last_chair_speech
https://data.oireachtas.ie/ie/oireachtas/division/house/dail/34/2026-09-30/vote_210,John-McGuinness.D.1997-06-26,An Leas-Cheann Comhairle,same_section_last_chair_speech
https://data.oireachtas.ie/ie/oireachtas/division/house/dail/34/2026-09-30/vote_211,John-McGuinness.D.1997-06-26,An Leas-Cheann Comhairle,same_section_last_chair_speech
https://data.oireachtas.ie/ie/oireachtas/division/house/dail/34/2026-09-30/vote_212,John-McGuinness.D.1997-06-26,An Leas-Cheann Comhairle,same_section_last_chair_speech
https://data.oireachtas.ie/ie/oireachtas/division/house/dail/34/2026-09-30/vote_213,John-McGuinness.D.1997-06-26,An Leas-Cheann Comhairle,same_section_last_chair_speech
https://data.oireachtas.ie/ie/oireachtas/division/house/dail/34/2026-09-29/vote_205,John-McGuinness.D.1997-06-26,An Leas-Cheann Comhairle,same_section_last_chair_speech
https://data.oireachtas.ie/ie/oireachtas/division/house/dail/34/2026-09-23/vote_198,Verona-Murphy.D.2020-02-08,An Ceann Comhairle,same_section_last_chair_speech
https://data.oireachtas.ie/ie/oireachtas/division/house/dail/34/2026-09-23/vote_199,Verona-Murphy.D.2020-02-08,An Ceann Comhairle,same_section_last_chair_speech
https://data.oireachtas.ie/ie/oireachtas/division/house/dail/34/2026-09-23/vote_200,Verona-Murphy.D.2020-02-08,An Ceann Comhairle,same_section_last_chair_speech
https://data.oireachtas.ie/ie/oireachtas/division/house/dail/34/2026-09-23/vote_201,Verona-Murphy.D.2020-02-08,An Ceann Comhairle,same_section_last_chair_speech
https://data.oireachtas.ie/ie/oireachtas/division/house/dail/34/2026-09-23/vote_202,Verona-Murphy.D.2020-02-08,An Ceann Comhairle,same_debate_prior_chair_speech
https://data.oireachtas.ie/ie/oireachtas/division/house/dail/34/2026-09-23/vote_203,Verona-Murphy.D.2020-02-08,An Ceann Comhairle,same_debate_prior_chair_speech
https://data.oireachtas.ie/ie/oireachtas/division/house/dail/34/2026-09-23/vote_204,Verona-Murphy.D.2020-02-08,An Ceann Comhairle,same_debate_prior_chair_speech
https://data.oireachtas.ie/ie/oireachtas/division/house/dail/34/2026-09-23/vote_195,Verona-Murphy.D.2020-02-08,An Ceann Comhairle,same_section_last_chair_speech
https://data.oireachtas.ie/ie/oireachtas/division/house/dail/34/2026-09-23/vote_196,Verona-Murphy.D.2020-02-08,An Ceann Comhairle,same_section_last_chair_speech
https://data.oireachtas.ie/ie/oireachtas/division/house/dail/34/2026-09-23/vote_197,Verona-Murphy.D.2020-02-08,An Ceann Comhairle,same_section_last_chair_speech
https://data.oireachtas.ie/ie/oireachtas/division/house/dail/34/2026-09-22/vote_194,Verona-Murphy.D.2020-02-08,An Ceann Comhairle,same_section_last_chair_speech
https://data.oireachtas.ie/ie/oireachtas/division/house/dail/34/2026-09-16/vote_193,Verona-Murphy.D.2020-02-08,An Ceann Comhairle,same_section_last_chair_speech
