member_name,member_code,recorded_participation_opportunities,eligible_division_opportunities,recorded_participation_pct
Aengus Ó Snodaigh,Aengus-Ó-Snodaigh.D.2002-06-06,127,139,91.4
Aidan Farrelly,Aidan-Farrelly.D.2024-11-29,115,139,82.7
Aindrias Moynihan,Aindrias-Moynihan.D.2016-10-03,130,139,93.5
Aisling Dempsey,Aisling-Dempsey.D.2024-11-29,139,139,100.0
Alan Dillon,Alan-Dillon.D.2020-02-08,133,139,95.7
Alan Kelly,Alan-Kelly.S.2007-07-23,89,139,64.0
Albert Dolan,Albert-Dolan.D.2024-11-29,129,139,92.8
Ann Graves,Ann-Graves.D.2024-11-29,127,139,91.4
Barry Heneghan,Barry-Heneghan.D.2024-11-29,113,139,81.3
Barry Ward,Barry-Ward.S.2020-03-30,121,139,87.1
Brendan Smith,Brendan-Smith.D.1992-12-14,138,139,99.3
Brian Brennan,Brian-Brennan.D.2024-11-29,127,139,91.4
Brian Stanley,Brian-Stanley.D.2011-03-09,116,139,83.5
Carol Nolan,Carol-Nolan.D.2016-10-03,104,139,74.8
Cathal Crowe,Cathal-Crowe.D.2020-02-08,138,139,99.3
Catherine Ardagh,Catherine-Ardagh.S.2016-04-25,129,139,92.8
Catherine Callaghan,Catherine-Callaghan.D.2024-11-29,137,139,98.6
Cathy Bennett,Cathy-Bennett.D.2024-11-29,130,139,93.5
Charles Ward,Charles-Ward.D.2024-11-29,73,139,52.5
Charlie McConalogue,Charlie-McConalogue.D.2011-03-09,130,139,93.5
Christopher O'Sullivan,Christopher-O'Sullivan.D.2020-02-08,136,139,97.8
Cian O'Callaghan,Cian-O'Callaghan.D.2020-02-08,139,139,100.0
Ciarán Ahern,Ciarán-Ahern.D.2024-11-29,122,139,87.8
Claire Kerrane,Claire-Kerrane.D.2020-02-08,133,139,95.7
Colm Brophy,Colm-Brophy.D.2016-10-03,126,139,90.6
Colm Burke,Colm-Burke.S.2011-05-25,137,139,98.6
Conor D. McGuinness,Conor-D-McGuinness.D.2024-11-29,126,139,90.6
Conor Sheehan,Conor-Sheehan.D.2024-11-29,111,139,79.9
Cormac Devlin,Cormac-Devlin.D.2020-02-08,135,139,97.1
Daniel Ennis,Daniel-Ennis.D.2026-05-25,75,93,80.6
Danny Healy-Rae,Danny-Healy-Rae.D.2016-10-03,74,139,53.2
Dara Calleary,Dara-Calleary.D.2007-06-14,136,139,97.8
Darragh O'Brien,Darragh-O'Brien.D.2007-06-14,109,139,78.4
Darren O'Rourke,Darren-O'Rourke.D.2020-02-08,136,139,97.8
David Cullinane,David-Cullinane.S.2011-05-25,125,139,89.9
David Maxwell,David-Maxwell.D.2024-11-29,126,139,90.6
Denise Mitchell,Denise-Mitchell.D.2016-10-03,116,139,83.5
Dessie Ellis,Dessie-Ellis.D.2011-03-09,125,139,89.9
Donna McGettigan,Donna-McGettigan.D.2024-11-29,116,139,83.5
Donnchadh Ó Laoghaire,Donnchadh-Ó-Laoghaire.D.2016-10-03,108,139,77.7
Duncan Smith,Duncan-Smith.D.2020-02-08,103,139,74.1
Eamon Scanlon,Eamon-Scanlon.S.2002-09-12,117,139,84.2
Edward Timmins,Edward-Timmins.D.2024-11-29,139,139,100.0
Emer Currie,Emer-Currie.S.2020-06-29,118,139,84.9
Emer Higgins,Emer-Higgins.D.2020-02-08,122,139,87.8
Eoghan Kenny,Eoghan-Kenny.D.2024-11-29,121,139,87.1
Eoin Hayes,Eoin-Hayes.D.2024-11-29,134,139,96.4
Eoin Ó Broin,Eoin-Ó-Broin.D.2016-10-03,129,139,92.8
Erin McGreehan,Erin-McGreehan.S.2020-06-29,124,139,89.2
Fionntán Ó Súilleabháin,Fionntán-Ó-Súilleabháin.D.2024-11-29,137,139,98.6
Frankie Feighan,Frank-Feighan.S.2002-09-12,126,139,90.6
Gary Gannon,Gary-Gannon.D.2020-02-08,124,139,89.2
Ged Nash,Gerald-Nash.D.2011-03-09,115,139,82.7
George Lawlor,George-Lawlor.D.2024-11-29,127,139,91.4
Gillian Toole,Gillian-Toole.D.2024-11-29,130,139,93.5
Grace Boland,Grace-Boland.D.2024-11-29,132,139,95.0
Helen McEntee,Helen-McEntee.D.2013-03-27,77,139,55.4
Hildegarde Naughton,Hildegarde-Naughton.S.2013-07-19,115,139,82.7
Holly Cairns,Holly-Cairns.D.2020-02-08,86,139,61.9
Ivana Bacik,Ivana-Bacik.S.2007-07-23,129,139,92.8
Jack Chambers,Jack-Chambers.D.2016-10-03,123,139,88.5
James Browne,James-Browne.D.2016-10-03,131,139,94.2
James Geoghegan,James-Geoghegan.D.2024-11-29,139,139,100.0
James Lawless,James-Lawless.D.2016-10-03,106,139,76.3
James O'Connor,James-O'Connor.D.2020-02-08,120,139,86.3
Jen Cummins,Jen-Cummins.D.2024-11-29,136,139,97.8
Jennifer Carroll MacNeill,Jennifer-Carroll-MacNeill.D.2020-02-08,116,139,83.5
Jennifer Murnane O'Connor,Jennifer-Murnane-O'Connor.S.2016-04-25,125,139,89.9
Jennifer Whitmore,Jennifer-Whitmore.D.2020-02-08,122,139,87.8
Jerry Buttimer,Jerry-Buttimer.S.2007-07-23,113,139,81.3
Jim O'Callaghan,Jim-O'Callaghan.D.2016-10-03,93,139,66.9
Joanna Byrne,Joanna-Byrne.D.2024-11-29,131,139,94.2
Joe Cooney,Joe-Cooney.D.2024-11-29,138,139,99.3
Joe Neville,Joe-Neville.D.2024-11-29,124,139,89.2
John Brady,John-Brady.D.2016-10-03,118,139,84.9
John Clendennen,John-Clendennen.D.2024-11-29,133,139,95.7
John Connolly,John-Connolly.D.2024-11-29,129,139,92.8
John Cummins,John-Cummins.S.2020-03-30,121,139,87.1
John Lahart,John-Lahart.D.2016-10-03,123,139,88.5
John McGuinness,John-McGuinness.D.1997-06-26,42,118,35.6
John Paul O'Shea,John-Paul-O'Shea.D.2024-11-29,135,139,97.1
Johnny Guirke,Johnny-Guirke.D.2020-02-08,129,139,92.8
Johnny Mythen,Johnny-Mythen.D.2020-02-08,138,139,99.3
Keira Keogh,Keira-Keogh.D.2024-11-29,139,139,100.0
Ken O'Flynn,Ken-O'Flynn.D.2024-11-29,79,139,56.8
Kevin Boxer Moran,Kevin-Boxer-Moran.D.2016-10-03,121,139,87.1
Kieran O'Donnell,Kieran-O'Donnell.D.2007-06-14,128,139,92.1
Liam Quaide,Liam-Quaide.D.2024-11-29,134,139,96.4
Louis O'Hara,Louis-O'Hara.D.2024-11-29,128,139,92.1
Louise O'Reilly,Louise-O'Reilly.D.2016-10-03,117,139,84.2
Maeve O'Connell,Maeve-O'Connell.D.2024-11-29,132,139,95.0
Mairéad Farrell,Mairéad-Farrell.D.2020-02-08,116,139,83.5
Malcolm Byrne,Malcolm-Byrne.D.2019-11-29,135,139,97.1
Marian Harkin,Marian-Harkin.D.2002-06-06,121,139,87.1
Marie Sherlock,Marie-Sherlock.S.2020-03-30,105,139,75.5
Mark Wall,Mark-Wall.S.2020-03-30,137,139,98.6
Mark Ward,Mark-Ward.D.2019-11-29,138,139,99.3
Martin Daly,Martin-Daly.D.2024-11-29,138,139,99.3
Martin Heydon,Martin-Heydon.D.2011-03-09,128,139,92.1
Martin Kenny,Martin-Kenny.D.2016-10-03,118,139,84.9
Mary Butler,Mary-Butler.D.2016-10-03,139,139,100.0
Mary Lou McDonald,Mary-Lou-McDonald.D.2011-03-09,48,139,34.5
Matt Carthy,Matt-Carthy.D.2020-02-08,114,139,82.0
Mattie McGrath,Mattie-McGrath.D.2007-06-14,34,139,24.5
Maurice Quinlivan,Maurice-Quinlivan.D.2016-10-03,127,139,91.4
Michael Cahill,Michael-Cahill.D.2024-11-29,123,139,88.5
Michael Collins,Michael-Collins.D.2016-10-03,119,139,85.6
Michael Fitzmaurice,Michael-Fitzmaurice.D.2014-10-10,87,139,62.6
Michael Healy-Rae,Michael-Healy-Rae.D.2011-03-09,57,139,41.0
Michael Lowry,Michael-Lowry.D.1987-03-10,127,139,91.4
Michael Moynihan,Michael-Moynihan.D.1997-06-26,138,139,99.3
Michael Murphy,Michael-Murphy.D.2024-11-29,136,139,97.8
Micheál Carrigy,Micheál-Carrigy.S.2020-03-30,138,139,99.3
Micheál Martin,Micheál-Martin.D.1989-06-29,52,139,37.4
Máire Devine,Máire-Devine.S.2016-04-25,131,139,94.2
Naoise Ó Cearúil,Naoise-Ó-Cearúil.D.2024-11-29,131,139,94.2
Naoise Ó Muirí,Naoise-Ó-Muirí.D.2024-11-29,139,139,100.0
Natasha Newsome Drennan,Natasha-Newsome-Drennan.D.2024-11-29,137,139,98.6
Neale Richmond,Neale-Richmond.S.2016-04-25,65,139,46.8
Niall Collins,Niall-Collins.D.2007-06-14,89,139,64.0
Niamh Smyth,Niamh-Smyth.D.2016-10-03,98,139,70.5
Noel Grealish,Noel-Grealish.D.2002-06-06,114,139,82.0
Noel McCarthy,Noel-McCarthy.D.2024-11-29,127,139,91.4
Norma Foley,Norma-Foley.D.2020-02-08,134,139,96.4
Pa Daly,Pa-Daly.D.2020-02-08,130,139,93.5
Pat Buckley,Pat-Buckley.D.2016-10-03,130,139,93.5
Pat the Cope Gallagher,Pat-the-Cope-Gallagher.D.1981-06-30,114,139,82.0
Patrick O'Donovan,Patrick-O'Donovan.D.2011-03-09,30,139,21.6
Paul Donnelly,Paul-Donnelly.D.2020-02-08,127,139,91.4
Paul Lawless,Paul-Lawless.D.2024-11-29,128,139,92.1
Paul McAuliffe,Paul-McAuliffe.D.2020-02-08,139,139,100.0
Paul Murphy,Paul-Murphy.D.2014-10-10,117,139,84.2
Paul Nicholas Gogarty,Paul-Nicholas-Gogarty.D.2002-06-06,92,139,66.2
Paula Butterly,Paula-Butterly.D.2024-11-29,129,139,92.8
Peadar Tóibín,Peadar-Tóibín.D.2011-03-09,114,139,82.0
Pearse Doherty,Pearse-Doherty.S.2007-07-23,107,139,77.0
Peter 'Chap' Cleere,Peter-'Chap'-Cleere.D.2024-11-29,134,139,96.4
Peter Burke,Peter-Burke.D.2016-10-03,81,139,58.3
Peter Roche,Peter-Roche.D.2024-11-29,138,139,99.3
Pádraig Mac Lochlainn,Pádraig-MacLochlainn.D.2011-03-09,139,139,100.0
Pádraig O'Sullivan,Pádraig-O'Sullivan.D.2019-11-29,137,139,98.6
Pádraig Rice,Pádraig-Rice.D.2024-11-29,137,139,98.6
Richard Boyd Barrett,Richard-Boyd-Barrett.D.2011-03-09,103,139,74.1
Richard O'Donoghue,Richard-O'Donoghue.D.2020-02-08,60,139,43.2
Robert O'Donoghue,Robert-O'Donoghue.D.2024-11-29,133,139,95.7
Robert Troy,Robert-Troy.D.2011-03-09,116,139,83.5
Roderic O'Gorman,Roderic-O'Gorman.D.2020-02-08,114,139,82.0
Rory Hearne,Rory-Hearne.D.2024-11-29,133,139,95.7
Rose Conway-Walsh,Rose-Conway-Walsh.S.2016-04-25,109,139,78.4
Ruairí Ó Murchú,Ruairí-Ó-Murchú.D.2020-02-08,121,139,87.1
Ruth Coppinger,Ruth-Coppinger.D.2014-05-23,114,139,82.0
Ryan O'Meara,Ryan-O'Meara.D.2024-11-29,139,139,100.0
Réada Cronin,Réada-Cronin.D.2020-02-08,138,139,99.3
Seamus Healy,Seamus-Healy.D.2000-06-22,113,139,81.3
Sean Fleming,Seán-Fleming.D.1997-06-26,130,139,93.5
Seán Canney,Seán-Canney.D.2016-10-03,113,139,81.3
Seán Crowe,Seán-Crowe.D.2002-06-06,118,139,84.9
Seán Kyne,Seán-Kyne.D.2011-03-09,85,93,91.4
Seán Ó Fearghaíl,Seán-Ó-Fearghaíl.S.2000-06-09,103,139,74.1
Shane Moynihan,Shane-Moynihan.D.2024-11-29,128,139,92.1
Shay Brennan,Shay-Brennan.D.2024-11-29,129,139,92.8
Shónagh Ní Raghallaigh,Shónagh-Ní-Raghallaigh.D.2024-11-29,139,139,100.0
Simon Harris,Simon-Harris.D.2011-03-09,34,139,24.5
Sinéad Gibney,Sinéad-Gibney.D.2024-11-29,133,139,95.7
Sorca Clarke,Sorca-Clarke.D.2020-02-08,111,139,79.9
Séamus McGrath,Séamus-McGrath.D.2024-11-29,137,139,98.6
Thomas Byrne,Thomas-Byrne.D.2007-06-14,75,139,54.0
Thomas Gould,Thomas-Gould.D.2020-02-08,116,139,83.5
Timmy Dooley,Timmy-Dooley.S.2002-09-12,90,139,64.7
Tom Brabazon,Tom-Brabazon.D.2024-11-29,138,139,99.3
Tony McCormack,Tony-McCormack.D.2024-11-29,132,139,95.0
Verona Murphy,Verona-Murphy.D.2020-02-08,0,26,0.0
William Aird,William-Aird.D.2024-11-29,131,139,94.2
Willie O'Dea,Willie-O'Dea.D.1982-03-09,87,139,62.6
