bill_id,bill_uri,bill_no,bill_year,title,short_title,origin_house_uri,origin_house_name,bill_type,status,introduced_date,last_event_date,source_endpoint,snapshot_date,source_hash,current_stage_name,current_stage_date,current_stage_house_name,current_stage_outcome,current_stage_order,sponsor_count,primary_sponsor_name,primary_sponsor_role_name,primary_sponsor_uri,sponsor_names_json,sponsor_roles_json,sponsor_attribution_status,certified_section_count,certified_speech_count,certified_division_count,latest_division_id,latest_division_date,latest_division_subject,latest_division_outcome,latest_division_ta,latest_division_nil,latest_division_abstain,vote_breakdown_status,series_bucket,series_bucket_label,series_bucket_order,series_group_label,house_badge,series_batch_no,series_batch_count,position_in_batch,series_batch_id,current_state_key,bill_summary_status,debate_summary_status,support_opposition_status,generated_at_utc,batch_size,change_type,editorial_bucket,editorial_bucket_label,editorial_bucket_order,editorial_scope_mode,editorial_as_of_date,editorial_lookback_days,editorial_batch_no,editorial_batch_count,editorial_position,editorial_batch_id
https://data.oireachtas.ie/ie/oireachtas/bill/2026/72,https://data.oireachtas.ie/ie/oireachtas/bill/2026/72,72,2026,Development (Strategic Gas Reserve) Bill 2026,Development (Strategic Gas Reserve) Bill 2026,https://data.oireachtas.ie/ie/oireachtas/def/house/dail,Dáil Éireann,Public,Enacted,2026-06-19,2026-07-28,/legislation,2026-08-01,e61d7aeab5de9aa6,Enacted,2026-07-23,,Enacted,10,1,,"Minister for Climate, Energy and the Environment",,[],"[""Minister for Climate, Energy and the Environment""]",role_or_office_only,2,67,3,https://data.oireachtas.ie/ie/oireachtas/division/house/dail/34/2026-06-30/vote_162,2026-06-30,Question put:,Carried,90,57,0,recorded_division_available,enacted,Enacted,0,Enacted,Dáil Éireann,1,10,1,enacted-01,Enacted|Enacted||2026-07-23,editorial_summary_required,certified_debate_available,recorded_vote_evidence_available,2026-09-06T18:41:34.147654+00:00,6,baseline_recent,enacted,Enacted,0,baseline_recent,2026-09-06,90,1,5,1,enacted-01
https://data.oireachtas.ie/ie/oireachtas/bill/2026/57,https://data.oireachtas.ie/ie/oireachtas/bill/2026/57,57,2026,Israeli Settlements in the Occupied Palestinian Territory (Prohibition of Importation of Goods) Bill 2026,Israeli Settlements in the Occupied Palestinian Territory (Prohibition of Importation of Goods) Bill 2026,https://data.oireachtas.ie/ie/oireachtas/def/house/dail,Dáil Éireann,Public,Enacted,2026-05-29,2026-07-28,/legislation,2026-08-01,f334a92985f873da,Enacted,2026-07-23,,Enacted,10,1,,Minister for Foreign Affairs and Trade,,[],"[""Minister for Foreign Affairs and Trade""]",role_or_office_only,3,97,1,https://data.oireachtas.ie/ie/oireachtas/division/house/dail/34/2026-07-07/vote_169,2026-07-07,Amendment put:,Lost,67,79,0,recorded_division_available,enacted,Enacted,0,Enacted,Dáil Éireann,1,10,2,enacted-01,Enacted|Enacted||2026-07-23,editorial_summary_required,certified_debate_available,recorded_vote_evidence_available,2026-09-06T18:41:34.147654+00:00,6,baseline_recent,enacted,Enacted,0,baseline_recent,2026-09-06,90,1,5,2,enacted-01
https://data.oireachtas.ie/ie/oireachtas/bill/2026/1,https://data.oireachtas.ie/ie/oireachtas/bill/2026/1,1,2026,"Criminal Law, Civil Law and Defence (Miscellaneous Provisions) Bill 2026","Criminal Law, Civil Law and Defence (Miscellaneous Provisions) Bill 2026",https://data.oireachtas.ie/ie/oireachtas/def/house/dail,Dáil Éireann,Public,Enacted,2026-01-09,2026-07-30,/legislation,2026-08-01,bcd8d652da7f65dd,Enacted,2026-07-23,,Enacted,11,1,,"Minister for Justice, Home Affairs and Migration",,[],"[""Minister for Justice, Home Affairs and Migration""]",role_or_office_only,5,192,3,https://data.oireachtas.ie/ie/oireachtas/division/house/dail/34/2026-06-10/vote_131,2026-06-10,Question put:,Carried,102,45,0,recorded_division_available,enacted,Enacted,0,Enacted,Dáil Éireann,1,10,3,enacted-01,Enacted|Enacted||2026-07-23,editorial_summary_required,certified_debate_available,recorded_vote_evidence_available,2026-09-06T18:41:34.147654+00:00,6,baseline_recent,enacted,Enacted,0,baseline_recent,2026-09-06,90,1,5,3,enacted-01
https://data.oireachtas.ie/ie/oireachtas/bill/2026/58,https://data.oireachtas.ie/ie/oireachtas/bill/2026/58,58,2026,Housing and Residential Tenancies (Miscellaneous Provisions) Bill 2026,Housing and Residential Tenancies (Miscellaneous Provisions) Bill 2026,https://data.oireachtas.ie/ie/oireachtas/def/house/dail,Dáil Éireann,Public,Enacted,2026-05-06,2026-07-28,/legislation,2026-08-01,30cda70008fcc108,Enacted,2026-07-22,,Enacted,10,1,,"Minister for Housing, Local Government and Heritage",,[],"[""Minister for Housing, Local Government and Heritage""]",role_or_office_only,4,108,3,https://data.oireachtas.ie/ie/oireachtas/division/house/dail/34/2026-07-08/vote_174,2026-07-08,Question put:,Carried,80,67,0,recorded_division_available,enacted,Enacted,0,Enacted,Dáil Éireann,1,10,4,enacted-01,Enacted|Enacted||2026-07-22,editorial_summary_required,certified_debate_available,recorded_vote_evidence_available,2026-09-06T18:41:34.147654+00:00,6,baseline_recent,enacted,Enacted,0,baseline_recent,2026-09-06,90,1,5,4,enacted-01
https://data.oireachtas.ie/ie/oireachtas/bill/2026/74,https://data.oireachtas.ie/ie/oireachtas/bill/2026/74,74,2026,Health (Provision of Contraception Prescribing Service in Retail Pharmacy Businesses) Bill 2026,Health (Provision of Contraception Prescribing Service in Retail Pharmacy Businesses) Bill 2026,https://data.oireachtas.ie/ie/oireachtas/def/house/dail,Dáil Éireann,Public,Enacted,2026-06-26,2026-07-29,/legislation,2026-08-01,30dfc9793b322722,Enacted,2026-07-21,,Enacted,10,1,,Minister for Health,,[],"[""Minister for Health""]",role_or_office_only,2,31,0,,,,,0,0,0,no_recorded_division,enacted,Enacted,0,Enacted,Dáil Éireann,1,10,5,enacted-01,Enacted|Enacted||2026-07-21,editorial_summary_required,certified_debate_available,do_not_infer_from_speeches,2026-09-06T18:41:34.147654+00:00,6,baseline_recent,enacted,Enacted,0,baseline_recent,2026-09-06,90,1,5,5,enacted-01
https://data.oireachtas.ie/ie/oireachtas/bill/2026/69,https://data.oireachtas.ie/ie/oireachtas/bill/2026/69,69,2026,Regulation of Artificial Intelligence Bill 2026,Regulation of Artificial Intelligence Bill 2026,https://data.oireachtas.ie/ie/oireachtas/def/house/dail,Dáil Éireann,Public,Enacted,2026-06-19,2026-07-29,/legislation,2026-08-01,8c5ba22e4e071a99,Enacted,2026-07-21,,Enacted,10,1,,"Minister for Enterprise, Tourism and Employment",,[],"[""Minister for Enterprise, Tourism and Employment""]",role_or_office_only,2,75,2,https://data.oireachtas.ie/ie/oireachtas/division/house/dail/34/2026-06-30/vote_167,2026-06-30,Question put:,Carried,81,58,0,recorded_division_available,enacted,Enacted,0,Enacted,Dáil Éireann,1,10,6,enacted-01,Enacted|Enacted||2026-07-21,editorial_summary_required,certified_debate_available,recorded_vote_evidence_available,2026-09-06T18:41:34.147654+00:00,6,baseline_recent,enacted,Enacted,0,baseline_recent,2026-09-06,90,1,5,6,enacted-01
https://data.oireachtas.ie/ie/oireachtas/bill/2026/62,https://data.oireachtas.ie/ie/oireachtas/bill/2026/62,62,2026,Domestic Violence Judgments Register Bill 2026,Domestic Violence Judgments Register Bill 2026,https://data.oireachtas.ie/ie/oireachtas/def/house/seanad,Seanad Éireann,Public,Enacted,2026-06-15,2026-07-28,/legislation,2026-08-01,4e27dea16a322a0e,Enacted,2026-07-21,,Enacted,10,1,,"Minister for Justice, Home Affairs and Migration",,[],"[""Minister for Justice, Home Affairs and Migration""]",role_or_office_only,3,74,1,https://data.oireachtas.ie/ie/oireachtas/division/house/dail/34/2026-07-15/vote_188,2026-07-15,Amendment put:,Lost,61,80,0,recorded_division_available,enacted,Enacted,0,Enacted,Seanad Éireann,2,10,1,enacted-02,Enacted|Enacted||2026-07-21,editorial_summary_required,certified_debate_available,recorded_vote_evidence_available,2026-09-06T18:41:34.147654+00:00,6,baseline_recent,enacted,Enacted,0,baseline_recent,2026-09-06,90,2,5,1,enacted-02
https://data.oireachtas.ie/ie/oireachtas/bill/2026/53,https://data.oireachtas.ie/ie/oireachtas/bill/2026/53,53,2026,Guardianship of Infants and Child Care (Amendment) Bill 2026,Guardianship of Infants and Child Care (Amendment) Bill 2026,https://data.oireachtas.ie/ie/oireachtas/def/house/dail,Dáil Éireann,Public,Enacted,2026-05-15,2026-07-30,/legislation,2026-08-01,9fd4744352be9b39,Enacted,2026-07-21,,Enacted,11,1,,"Minister for Justice, Home Affairs and Migration",,[],"[""Minister for Justice, Home Affairs and Migration""]",role_or_office_only,5,43,1,https://data.oireachtas.ie/ie/oireachtas/division/house/dail/34/2026-06-17/vote_142,2026-06-17,Amendment put:,Lost,71,82,0,recorded_division_available,enacted,Enacted,0,Enacted,Dáil Éireann,2,10,2,enacted-02,Enacted|Enacted||2026-07-21,editorial_summary_required,certified_debate_available,recorded_vote_evidence_available,2026-09-06T18:41:34.147654+00:00,6,baseline_recent,enacted,Enacted,0,baseline_recent,2026-09-06,90,2,5,2,enacted-02
https://data.oireachtas.ie/ie/oireachtas/bill/2026/75,https://data.oireachtas.ie/ie/oireachtas/bill/2026/75,75,2026,Planning and Development (Amendment) Bill 2026,Planning and Development (Amendment) Bill 2026,https://data.oireachtas.ie/ie/oireachtas/def/house/dail,Dáil Éireann,Public,Enacted,2025-07-01,2026-07-30,/legislation,2026-08-01,b5d4478224f19826,Enacted,2026-07-20,,Enacted,10,1,,"Minister for Housing, Local Government and Heritage",,[],"[""Minister for Housing, Local Government and Heritage""]",role_or_office_only,2,63,2,https://data.oireachtas.ie/ie/oireachtas/division/house/dail/34/2026-07-08/vote_176,2026-07-08,Question put: That section 62 stand part of the Bill.,Carried,82,65,0,recorded_division_available,enacted,Enacted,0,Enacted,Dáil Éireann,2,10,3,enacted-02,Enacted|Enacted||2026-07-20,editorial_summary_required,certified_debate_available,recorded_vote_evidence_available,2026-09-06T18:41:34.147654+00:00,6,baseline_recent,enacted,Enacted,0,baseline_recent,2026-09-06,90,2,5,3,enacted-02
https://data.oireachtas.ie/ie/oireachtas/bill/2026/71,https://data.oireachtas.ie/ie/oireachtas/bill/2026/71,71,2026,Postal and Telecommunications Services (Amendment) Bill 2026,Postal and Telecommunications Services (Amendment) Bill 2026,https://data.oireachtas.ie/ie/oireachtas/def/house/dail,Dáil Éireann,Public,Enacted,2026-06-19,2026-07-29,/legislation,2026-08-01,c69ea7a97ad2783e,Enacted,2026-07-20,,Enacted,10,1,,"Minister for Culture, Communications and Sport",,[],"[""Minister for Culture, Communications and Sport""]",role_or_office_only,2,27,0,,,,,0,0,0,no_recorded_division,enacted,Enacted,0,Enacted,Dáil Éireann,2,10,4,enacted-02,Enacted|Enacted||2026-07-20,editorial_summary_required,certified_debate_available,do_not_infer_from_speeches,2026-09-06T18:41:34.147654+00:00,6,baseline_recent,enacted,Enacted,0,baseline_recent,2026-09-06,90,2,5,4,enacted-02
https://data.oireachtas.ie/ie/oireachtas/bill/2026/70,https://data.oireachtas.ie/ie/oireachtas/bill/2026/70,70,2026,Dublin Airport (Passenger Capacity) Bill 2026,Dublin Airport (Passenger Capacity) Bill 2026,https://data.oireachtas.ie/ie/oireachtas/def/house/dail,Dáil Éireann,Public,Enacted,2025-06-22,2026-07-22,/legislation,2026-08-01,525b65f430425e18,Enacted,2026-07-16,,Enacted,10,1,,Minister for Transport,,[],"[""Minister for Transport""]",role_or_office_only,3,111,3,https://data.oireachtas.ie/ie/oireachtas/division/house/dail/34/2026-06-30/vote_165,2026-06-30,Question put:,Carried,118,28,0,recorded_division_available,enacted,Enacted,0,Enacted,Dáil Éireann,2,10,5,enacted-02,Enacted|Enacted||2026-07-16,editorial_summary_required,certified_debate_available,recorded_vote_evidence_available,2026-09-06T18:41:34.147654+00:00,6,baseline_recent,enacted,Enacted,0,baseline_recent,2026-09-06,90,2,5,5,enacted-02
https://data.oireachtas.ie/ie/oireachtas/bill/2025/82,https://data.oireachtas.ie/ie/oireachtas/bill/2025/82,82,2025,Garda Síochána (Recording Devices) (Amendment) Bill 2025,Garda Síochána (Recording Devices) (Amendment) Bill 2025,https://data.oireachtas.ie/ie/oireachtas/def/house/dail,Dáil Éireann,Public,Enacted,2025-12-11,2026-07-23,/legislation,2026-08-01,38f204ac96bd4704,Enacted,2026-07-16,,Enacted,11,1,,"Minister for Justice, Home Affairs and Migration",,[],"[""Minister for Justice, Home Affairs and Migration""]",role_or_office_only,4,59,2,https://data.oireachtas.ie/ie/oireachtas/division/house/dail/34/2026-05-13/vote_99,2026-05-13,Amendment put:,Lost,60,74,0,recorded_division_available,enacted,Enacted,0,Enacted,Dáil Éireann,2,10,6,enacted-02,Enacted|Enacted||2026-07-16,editorial_summary_required,certified_debate_available,recorded_vote_evidence_available,2026-09-06T18:41:34.147654+00:00,6,baseline_recent,enacted,Enacted,0,baseline_recent,2026-09-06,90,2,5,6,enacted-02
https://data.oireachtas.ie/ie/oireachtas/bill/2026/59,https://data.oireachtas.ie/ie/oireachtas/bill/2026/59,59,2026,Criminal Justice (International Cooperation on Electronic Evidence and Other Matters) Bill 2026,Criminal Justice (International Cooperation on Electronic Evidence and Other Matters) Bill 2026,https://data.oireachtas.ie/ie/oireachtas/def/house/dail,Dáil Éireann,Public,Enacted,2026-06-04,2026-07-22,/legislation,2026-08-01,a644c9bc0732a54b,Enacted,2026-07-15,,Enacted,10,1,,"Minister for Justice, Home Affairs and Migration",,[],"[""Minister for Justice, Home Affairs and Migration""]",role_or_office_only,3,68,3,https://data.oireachtas.ie/ie/oireachtas/division/house/dail/34/2026-06-17/vote_141,2026-06-17,Amendment put:,Lost,64,78,0,recorded_division_available,enacted,Enacted,0,Enacted,Dáil Éireann,3,10,1,enacted-03,Enacted|Enacted||2026-07-15,editorial_summary_required,certified_debate_available,recorded_vote_evidence_available,2026-09-06T18:41:34.147654+00:00,6,baseline_recent,enacted,Enacted,0,baseline_recent,2026-09-06,90,3,5,1,enacted-03
https://data.oireachtas.ie/ie/oireachtas/bill/2026/51,https://data.oireachtas.ie/ie/oireachtas/bill/2026/51,51,2026,Finance Bill 2026,Finance Bill 2026,https://data.oireachtas.ie/ie/oireachtas/def/house/dail,Dáil Éireann,Public,Enacted,2026-05-14,2026-07-22,/legislation,2026-08-01,54d62548edeb8d14,Enacted,2026-07-15,,Enacted,11,1,,Minister for Finance,,[],"[""Minister for Finance""]",role_or_office_only,4,83,7,https://data.oireachtas.ie/ie/oireachtas/division/house/dail/34/2026-07-08/vote_171,2026-07-08,Recommendation put:,Carried,97,46,0,recorded_division_available,enacted,Enacted,0,Enacted,Dáil Éireann,3,10,2,enacted-03,Enacted|Enacted||2026-07-15,editorial_summary_required,certified_debate_available,recorded_vote_evidence_available,2026-09-06T18:41:34.147654+00:00,6,baseline_recent,enacted,Enacted,0,baseline_recent,2026-09-06,90,3,5,2,enacted-03
https://data.oireachtas.ie/ie/oireachtas/bill/2026/48,https://data.oireachtas.ie/ie/oireachtas/bill/2026/48,48,2026,National Treasury Management Agency (Miscellaneous Provisions) Bill 2026,National Treasury Management Agency (Miscellaneous Provisions) Bill 2026,https://data.oireachtas.ie/ie/oireachtas/def/house/dail,Dáil Éireann,Public,Enacted,2026-05-12,2026-07-21,/legislation,2026-08-01,a90ba376e319ef6f,Enacted,2026-07-15,,Enacted,10,1,,Minister for Finance,,[],"[""Minister for Finance""]",role_or_office_only,3,84,0,,,,,0,0,0,no_recorded_division,enacted,Enacted,0,Enacted,Dáil Éireann,3,10,3,enacted-03,Enacted|Enacted||2026-07-15,editorial_summary_required,certified_debate_available,do_not_infer_from_speeches,2026-09-06T18:41:34.147654+00:00,6,baseline_recent,enacted,Enacted,0,baseline_recent,2026-09-06,90,3,5,3,enacted-03
https://data.oireachtas.ie/ie/oireachtas/bill/2025/70,https://data.oireachtas.ie/ie/oireachtas/bill/2025/70,70,2025,Public Health (Single-Use Vapes) Bill 2025,Public Health (Single-Use Vapes) Bill 2025,https://data.oireachtas.ie/ie/oireachtas/def/house/dail,Dáil Éireann,Public,Enacted,2025-11-27,2026-07-22,/legislation,2026-08-01,54232e0c6646e09a,Enacted,2026-07-15,,Enacted,10,1,,Minister for Health,,[],"[""Minister for Health""]",role_or_office_only,4,78,0,,,,,0,0,0,no_recorded_division,enacted,Enacted,0,Enacted,Dáil Éireann,3,10,4,enacted-03,Enacted|Enacted||2026-07-15,editorial_summary_required,certified_debate_available,do_not_infer_from_speeches,2026-09-06T18:41:34.147654+00:00,6,baseline_recent,enacted,Enacted,0,baseline_recent,2026-09-06,90,3,5,4,enacted-03
https://data.oireachtas.ie/ie/oireachtas/bill/2025/34,https://data.oireachtas.ie/ie/oireachtas/bill/2025/34,34,2025,Criminal Justice (Terrorist Offences) (Amendment) Bill 2025,Criminal Justice (Terrorist Offences) (Amendment) Bill 2025,https://data.oireachtas.ie/ie/oireachtas/def/house/dail,Dáil Éireann,Public,Enacted,2025-06-13,2026-07-15,/legislation,2026-08-01,010722ff4c5b09c4,Enacted,2026-07-07,,Enacted,10,1,,"Minister for Justice, Home Affairs and Migration",,[],"[""Minister for Justice, Home Affairs and Migration""]",role_or_office_only,4,68,4,https://data.oireachtas.ie/ie/oireachtas/division/house/dail/34/2026-05-20/vote_114,2026-05-20,"Question put: : ""That the Bill do now pass.""",Carried,82,51,0,recorded_division_available,enacted,Enacted,0,Enacted,Dáil Éireann,3,10,5,enacted-03,Enacted|Enacted||2026-07-07,editorial_summary_required,certified_debate_available,recorded_vote_evidence_available,2026-09-06T18:41:34.147654+00:00,6,baseline_recent,enacted,Enacted,0,baseline_recent,2026-09-06,90,3,5,5,enacted-03
https://data.oireachtas.ie/ie/oireachtas/bill/2025/84,https://data.oireachtas.ie/ie/oireachtas/bill/2025/84,84,2025,Health (Amendment) (Home Support Providers) Bill 2025,Health (Amendment) (Home Support Providers) Bill 2025,https://data.oireachtas.ie/ie/oireachtas/def/house/dail,Dáil Éireann,Public,Enacted,2025-12-16,2026-07-14,/legislation,2026-08-01,84b8858ec52884db,Enacted,2026-07-01,,Enacted,10,1,,Minister for Health,,[],"[""Minister for Health""]",role_or_office_only,3,55,0,,,,,0,0,0,no_recorded_division,enacted,Enacted,0,Enacted,Dáil Éireann,3,10,6,enacted-03,Enacted|Enacted||2026-07-01,editorial_summary_required,certified_debate_available,do_not_infer_from_speeches,2026-09-06T18:41:34.147654+00:00,6,baseline_recent,enacted,Enacted,0,baseline_recent,2026-09-06,90,3,5,6,enacted-03
https://data.oireachtas.ie/ie/oireachtas/bill/2024/56,https://data.oireachtas.ie/ie/oireachtas/bill/2024/56,56,2024,Údarás na Gaeltachta (Amendment) Bill 2024,Údarás na Gaeltachta (Amendment) Bill 2024,https://data.oireachtas.ie/ie/oireachtas/def/house/dail,Dáil Éireann,Public,Enacted,2024-07-05,2026-07-29,/legislation,2026-08-01,afba4b2fcdf3e019,Enacted,2026-07-01,,Enacted,10,1,,"Minister for Tourism, Culture, Arts, Gaeltacht, Sport and Media",,[],"[""Minister for Tourism, Culture, Arts, Gaeltacht, Sport and Media""]",role_or_office_only,4,333,6,https://data.oireachtas.ie/ie/oireachtas/division/house/dail/34/2026-05-27/vote_124,2026-05-27,Amendment put:,Lost,63,78,0,recorded_division_available,enacted,Enacted,0,Enacted,Dáil Éireann,4,10,1,enacted-04,Enacted|Enacted||2026-07-01,editorial_summary_required,certified_debate_available,recorded_vote_evidence_available,2026-09-06T18:41:34.147654+00:00,6,baseline_recent,enacted,Enacted,0,baseline_recent,2026-09-06,90,4,5,1,enacted-04
https://data.oireachtas.ie/ie/oireachtas/bill/2026/37,https://data.oireachtas.ie/ie/oireachtas/bill/2026/37,37,2026,Critical Infrastructure Bill 2026,Critical Infrastructure Bill 2026,https://data.oireachtas.ie/ie/oireachtas/def/house/dail,Dáil Éireann,Public,Enacted,2026-04-08,2026-07-03,/legislation,2026-08-01,66c61ec9a597f71d,Enacted,2026-06-25,,Enacted,10,1,,"Minister for Public Expenditure, Infrastructure, Public Service Reform and Digitalisation",,[],"[""Minister for Public Expenditure, Infrastructure, Public Service Reform and Digitalisation""]",role_or_office_only,3,75,1,https://data.oireachtas.ie/ie/oireachtas/division/house/dail/34/2026-05-13/vote_102,2026-05-13,"Question put: ""That Fourth Stage is hereby completed and that the Bill is hereby passed.""",Carried,132,15,0,recorded_division_available,enacted,Enacted,0,Enacted,Dáil Éireann,4,10,2,enacted-04,Enacted|Enacted||2026-06-25,editorial_summary_required,certified_debate_available,recorded_vote_evidence_available,2026-09-06T18:41:34.147654+00:00,6,baseline_recent,enacted,Enacted,0,baseline_recent,2026-09-06,90,4,5,2,enacted-04
https://data.oireachtas.ie/ie/oireachtas/bill/2024/18,https://data.oireachtas.ie/ie/oireachtas/bill/2024/18,18,2024,Microenterprise Loan Fund (Amendment) Bill 2024,Microenterprise Loan Fund (Amendment) Bill 2024,https://data.oireachtas.ie/ie/oireachtas/def/house/dail,Dáil Éireann,Public,Enacted,2024-03-11,2026-07-14,/legislation,2026-08-01,3ffaace24bddcbbf,Enacted,2026-06-25,,Enacted,11,1,,"Minister for Enterprise, Trade and Employment",,[],"[""Minister for Enterprise, Trade and Employment""]",role_or_office_only,1,2,0,,,,,0,0,0,no_recorded_division,enacted,Enacted,0,Enacted,Dáil Éireann,4,10,3,enacted-04,Enacted|Enacted||2026-06-25,editorial_summary_required,certified_debate_available,do_not_infer_from_speeches,2026-09-06T18:41:34.147654+00:00,6,baseline_recent,enacted,Enacted,0,baseline_recent,2026-09-06,90,4,5,3,enacted-04
https://data.oireachtas.ie/ie/oireachtas/bill/2025/52,https://data.oireachtas.ie/ie/oireachtas/bill/2025/52,52,2025,Air Pollution (Amendment) Bill 2025,Air Pollution (Amendment) Bill 2025,https://data.oireachtas.ie/ie/oireachtas/def/house/seanad,Seanad Éireann,Public,Enacted,2025-07-30,2026-07-14,/legislation,2026-07-20,6c6a3f143984bd52,Enacted,2026-06-18,,Enacted,10,1,,"Minister for Climate, Energy and the Environment",,[],"[""Minister for Climate, Energy and the Environment""]",role_or_office_only,4,19,0,,,,,0,0,0,no_recorded_division,enacted,Enacted,0,Enacted,Seanad Éireann,4,10,4,enacted-04,Enacted|Enacted||2026-06-18,editorial_summary_required,certified_debate_available,do_not_infer_from_speeches,2026-09-06T18:41:34.147654+00:00,6,baseline_recent,enacted,Enacted,0,baseline_recent,2026-09-06,90,4,5,4,enacted-04
https://data.oireachtas.ie/ie/oireachtas/bill/2025/74,https://data.oireachtas.ie/ie/oireachtas/bill/2025/74,74,2025,Arbitration (Amendment) Bill 2025,Arbitration (Amendment) Bill 2025,https://data.oireachtas.ie/ie/oireachtas/def/house/dail,Dáil Éireann,Public,Enacted,2025-12-01,2026-06-26,/legislation,2026-07-20,4aabcecbf3c955a0,Enacted,2026-06-17,,Enacted,10,1,,Minister for Foreign Affairs and Trade,,[],"[""Minister for Foreign Affairs and Trade""]",role_or_office_only,4,90,2,https://data.oireachtas.ie/ie/oireachtas/division/house/dail/34/2026-04-15/vote_84,2026-04-15,Question put:,Carried,83,64,0,recorded_division_available,enacted,Enacted,0,Enacted,Dáil Éireann,4,10,5,enacted-04,Enacted|Enacted||2026-06-17,editorial_summary_required,certified_debate_available,recorded_vote_evidence_available,2026-09-06T18:41:34.147654+00:00,6,baseline_recent,enacted,Enacted,0,baseline_recent,2026-09-06,90,4,5,5,enacted-04
https://data.oireachtas.ie/ie/oireachtas/bill/2026/28,https://data.oireachtas.ie/ie/oireachtas/bill/2026/28,28,2026,International Co-operation (Omagh Bombing Inquiry) Bill 2026,International Co-operation (Omagh Bombing Inquiry) Bill 2026,https://data.oireachtas.ie/ie/oireachtas/def/house/dail,Dáil Éireann,Public,Enacted,2026-03-13,2026-06-12,/legislation,2026-07-20,fd8d02dc49e78ea7,Enacted,2026-06-03,,Enacted,10,1,,"Minister for Justice, Home Affairs and Migration",,[],"[""Minister for Justice, Home Affairs and Migration""]",role_or_office_only,3,50,0,,,,,0,0,0,no_recorded_division,enacted,Enacted,0,Enacted,Dáil Éireann,4,10,6,enacted-04,Enacted|Enacted||2026-06-03,editorial_summary_required,certified_debate_available,do_not_infer_from_speeches,2026-09-06T18:41:34.147654+00:00,6,baseline_recent,enacted,Enacted,0,baseline_recent,2026-09-06,90,4,5,6,enacted-04
https://data.oireachtas.ie/ie/oireachtas/bill/2025/68,https://data.oireachtas.ie/ie/oireachtas/bill/2025/68,68,2025,Health Insurance (Amendment) Bill 2025,Health Insurance (Amendment) Bill 2025,https://data.oireachtas.ie/ie/oireachtas/def/house/dail,Dáil Éireann,Public,Enacted,2025-11-18,2026-07-08,/legislation,2026-07-20,600a30ec7d09f74e,Enacted,2025-12-10,,Enacted,10,1,,Minister for Health,,[],"[""Minister for Health""]",role_or_office_only,3,36,0,,,,,0,0,0,no_recorded_division,enacted,Enacted,0,Enacted,Dáil Éireann,8,10,1,enacted-08,Enacted|Enacted||2025-12-10,editorial_summary_required,certified_debate_available,do_not_infer_from_speeches,2026-09-06T18:41:34.147654+00:00,6,baseline_recent,enacted,Enacted,0,baseline_recent,2026-09-06,90,5,5,1,enacted-05
https://data.oireachtas.ie/ie/oireachtas/bill/2026/82,https://data.oireachtas.ie/ie/oireachtas/bill/2026/82,82,2026,Railway Safety Bill 2026,Railway Safety Bill 2026,https://data.oireachtas.ie/ie/oireachtas/def/house/dail,Dáil Éireann,Public,Current,2026-07-24,2026-07-24,/legislation,2026-08-01,7063498527d11f07,First Stage,2026-07-24,34th Dáil,Current,1,1,,Minister for Transport,,[],"[""Minister for Transport""]",role_or_office_only,0,0,0,,,,,0,0,0,,first_stage,First Stage,20,First Stage,34th Dáil,1,8,1,first_stage-01,Current|First Stage|34th Dáil|2026-07-24,editorial_summary_required,no_certified_debate,do_not_infer_from_speeches,2026-09-06T18:41:34.147654+00:00,6,baseline_recent,first_stage,First Stage,20,baseline_recent,2026-09-06,90,1,1,1,first_stage-01
https://data.oireachtas.ie/ie/oireachtas/bill/2026/76,https://data.oireachtas.ie/ie/oireachtas/bill/2026/76,76,2026,Strategic Lawsuits against Public Participation Bill 2026,Strategic Lawsuits against Public Participation Bill 2026,https://data.oireachtas.ie/ie/oireachtas/def/house/dail,Dáil Éireann,Public,Current,2026-07-01,2026-07-01,/legislation,2026-08-01,27ffe773159b5499,First Stage,2026-07-01,34th Dáil,,1,1,,"Minister for Justice, Home Affairs and Migration",,[],"[""Minister for Justice, Home Affairs and Migration""]",role_or_office_only,0,0,0,,,,,0,0,0,,first_stage,First Stage,20,First Stage,34th Dáil,1,8,2,first_stage-01,Current|First Stage|34th Dáil|2026-07-01,editorial_summary_required,no_certified_debate,do_not_infer_from_speeches,2026-09-06T18:41:34.147654+00:00,6,baseline_recent,first_stage,First Stage,20,baseline_recent,2026-09-06,90,1,1,2,first_stage-01
https://data.oireachtas.ie/ie/oireachtas/bill/2026/63,https://data.oireachtas.ie/ie/oireachtas/bill/2026/63,63,2026,Defence (Amendment) Bill 2026,Defence (Amendment) Bill 2026,https://data.oireachtas.ie/ie/oireachtas/def/house/dail,Dáil Éireann,Public,Current,2026-06-16,2026-06-16,/legislation,2026-07-20,df69e7bfe6fbf206,First Stage,2026-06-16,34th Dáil,Current,1,1,,Minister for Defence,,[],"[""Minister for Defence""]",role_or_office_only,0,0,0,,,,,0,0,0,,first_stage,First Stage,20,First Stage,34th Dáil,1,8,3,first_stage-01,Current|First Stage|34th Dáil|2026-06-16,editorial_summary_required,no_certified_debate,do_not_infer_from_speeches,2026-09-06T18:41:34.147654+00:00,6,baseline_recent,first_stage,First Stage,20,baseline_recent,2026-09-06,90,1,1,3,first_stage-01
https://data.oireachtas.ie/ie/oireachtas/bill/2026/81,https://data.oireachtas.ie/ie/oireachtas/bill/2026/81,81,2026,Electoral (Postal Voting) (Carers) Bill 2026,Electoral (Postal Voting) (Carers) Bill 2026,https://data.oireachtas.ie/ie/oireachtas/def/house/dail,Dáil Éireann,Public,Current,2026-07-15,2026-07-17,/legislation,2026-08-01,09f2e94208b93792,Second Stage,2026-07-16,34th Dáil,Current,2,1,Mark Wall,,https://data.oireachtas.ie/ie/oireachtas/member/id/Mark-Wall.S.2020-03-30,"[""Mark Wall""]",[],source_uri_present,0,0,0,,,,,0,0,0,,second_stage,Second Stage,30,Second Stage,34th Dáil,1,30,1,second_stage-01,Current|Second Stage|34th Dáil|2026-07-16,editorial_summary_required,no_certified_debate,do_not_infer_from_speeches,2026-09-06T18:41:34.147654+00:00,6,baseline_recent,second_stage,Second Stage,30,baseline_recent,2026-09-06,90,1,4,1,second_stage-01
https://data.oireachtas.ie/ie/oireachtas/bill/2026/80,https://data.oireachtas.ie/ie/oireachtas/bill/2026/80,80,2026,Defence (Amendment) (No. 2) Bill 2026,Defence (Amendment) (No. 2) Bill 2026,https://data.oireachtas.ie/ie/oireachtas/def/house/dail,Dáil Éireann,Public,Current,2026-06-10,2026-07-10,/legislation,2026-08-01,7e2c68a67c5f121c,Second Stage,2026-07-09,34th Dáil,Current,2,3,Paul Murphy,,https://data.oireachtas.ie/ie/oireachtas/member/id/Paul-Murphy.D.2014-10-10,"[""Paul Murphy"",""Richard Boyd Barrett"",""Ruth Coppinger""]",[],source_uri_present,0,0,0,,,,,0,0,0,,second_stage,Second Stage,30,Second Stage,34th Dáil,1,30,2,second_stage-01,Current|Second Stage|34th Dáil|2026-07-09,editorial_summary_required,no_certified_debate,do_not_infer_from_speeches,2026-09-06T18:41:34.147654+00:00,6,baseline_recent,second_stage,Second Stage,30,baseline_recent,2026-09-06,90,1,4,2,second_stage-01
https://data.oireachtas.ie/ie/oireachtas/bill/2026/79,https://data.oireachtas.ie/ie/oireachtas/bill/2026/79,79,2026,Adult Safeguarding Strategy Bill 2026,Adult Safeguarding Strategy Bill 2026,https://data.oireachtas.ie/ie/oireachtas/def/house/seanad,Seanad Éireann,Public,Current,2026-06-25,2026-07-09,/legislation,2026-08-01,f70867f8dd2542eb,Second Stage,2026-07-08,27th Seanad,Current,2,21,Tom Clonan,,https://data.oireachtas.ie/ie/oireachtas/member/id/Tom-Clonan.S.2022-04-04,"[""Alice-Mary Higgins"",""Aubrey McCarthy"",""Chris Andrews"",""Conor Murphy"",""Frances Black"",""Gerard P. Craughwell"",""Joanne Collins"",""Joe Conway"",""Laura Harmon"",""Lynn Ruane"",""Malcolm Noonan"",""Maria McCormack"",""Michael McDowell"",""Nessa Cosgrove"",""Patricia Stephenson"",""Pauline Tully"",""Rónán Mullen"",""Sarah O'Reilly"",""Sharon Keogan"",""Tom Clonan"",""Victor Boyhan""]",[],source_uri_present,0,0,0,,,,,0,0,0,,second_stage,Second Stage,30,Second Stage,27th Seanad,1,30,3,second_stage-01,Current|Second Stage|27th Seanad|2026-07-08,editorial_summary_required,no_certified_debate,do_not_infer_from_speeches,2026-09-06T18:41:34.147654+00:00,6,baseline_recent,second_stage,Second Stage,30,baseline_recent,2026-09-06,90,1,4,3,second_stage-01
https://data.oireachtas.ie/ie/oireachtas/bill/2026/78,https://data.oireachtas.ie/ie/oireachtas/bill/2026/78,78,2026,Prevention of Energy Wastage Bill 2026,Prevention of Energy Wastage Bill 2026,https://data.oireachtas.ie/ie/oireachtas/def/house/dail,Dáil Éireann,Public,Current,2026-05-21,2026-07-03,/legislation,2026-08-01,d07c207ba477993f,Second Stage,2026-07-02,34th Dáil,Current,2,1,Jennifer Whitmore,,https://data.oireachtas.ie/ie/oireachtas/member/id/Jennifer-Whitmore.D.2020-02-08,"[""Jennifer Whitmore""]",[],source_uri_present,0,0,0,,,,,0,0,0,,second_stage,Second Stage,30,Second Stage,34th Dáil,1,30,4,second_stage-01,Current|Second Stage|34th Dáil|2026-07-02,editorial_summary_required,no_certified_debate,do_not_infer_from_speeches,2026-09-06T18:41:34.147654+00:00,6,baseline_recent,second_stage,Second Stage,30,baseline_recent,2026-09-06,90,1,4,4,second_stage-01
https://data.oireachtas.ie/ie/oireachtas/bill/2026/36,https://data.oireachtas.ie/ie/oireachtas/bill/2026/36,36,2026,Public Health (Tobacco Products and Nicotine Inhaling Products) (Amendment) Bill 2026,Public Health (Tobacco Products and Nicotine Inhaling Products) (Amendment) Bill 2026,https://data.oireachtas.ie/ie/oireachtas/def/house/dail,Dáil Éireann,Public,Current,2026-04-07,2026-06-30,/legislation,2026-08-01,21e7d02fd10daf37,Second Stage,2026-06-24,27th Seanad,Current,6,1,,Minister for Health,,[],"[""Minister for Health""]",role_or_office_only,3,40,2,https://data.oireachtas.ie/ie/oireachtas/division/house/dail/34/2026-06-24/vote_154,2026-06-24,Amendment put:,Lost,43,98,0,recorded_division_available,second_stage,Second Stage,30,Second Stage,27th Seanad,1,30,5,second_stage-01,Current|Second Stage|27th Seanad|2026-06-24,editorial_summary_required,certified_debate_available,recorded_vote_evidence_available,2026-09-06T18:41:34.147654+00:00,6,baseline_recent,second_stage,Second Stage,30,baseline_recent,2026-09-06,90,1,4,5,second_stage-01
https://data.oireachtas.ie/ie/oireachtas/bill/2026/73,https://data.oireachtas.ie/ie/oireachtas/bill/2026/73,73,2026,Anti-Shrinkflation Bill 2026,Anti-Shrinkflation Bill 2026,https://data.oireachtas.ie/ie/oireachtas/def/house/dail,Dáil Éireann,Public,Current,2026-06-10,2026-06-24,/legislation,2026-07-20,f41ff4c42dfdd42b,Second Stage,2026-06-23,34th Dáil,Current,2,2,Holly Cairns,,https://data.oireachtas.ie/ie/oireachtas/member/id/Holly-Cairns.D.2020-02-08,"[""Holly Cairns"",""Sinéad Gibney""]",[],source_uri_present,1,5,0,,,,,0,0,0,no_recorded_division,second_stage,Second Stage,30,Second Stage,34th Dáil,1,30,6,second_stage-01,Current|Second Stage|34th Dáil|2026-06-23,editorial_summary_required,certified_debate_available,do_not_infer_from_speeches,2026-09-06T18:41:34.147654+00:00,6,baseline_recent,second_stage,Second Stage,30,baseline_recent,2026-09-06,90,1,4,6,second_stage-01
https://data.oireachtas.ie/ie/oireachtas/bill/2026/68,https://data.oireachtas.ie/ie/oireachtas/bill/2026/68,68,2026,Electricity Regulation (Amendment) (No. 2) Bill 2026,Electricity Regulation (Amendment) (No. 2) Bill 2026,https://data.oireachtas.ie/ie/oireachtas/def/house/dail,Dáil Éireann,Public,Current,2026-06-03,2026-06-18,/legislation,2026-07-20,7b9119958bc97947,Second Stage,2026-06-17,34th Dáil,Current,2,1,Barry Heneghan,,https://data.oireachtas.ie/ie/oireachtas/member/id/Barry-Heneghan.D.2024-11-29,"[""Barry Heneghan""]",[],source_uri_present,0,0,0,,,,,0,0,0,,second_stage,Second Stage,30,Second Stage,34th Dáil,2,30,1,second_stage-02,Current|Second Stage|34th Dáil|2026-06-17,editorial_summary_required,no_certified_debate,do_not_infer_from_speeches,2026-09-06T18:41:34.147654+00:00,6,baseline_recent,second_stage,Second Stage,30,baseline_recent,2026-09-06,90,2,4,1,second_stage-02
https://data.oireachtas.ie/ie/oireachtas/bill/2026/67,https://data.oireachtas.ie/ie/oireachtas/bill/2026/67,67,2026,Health (Amendment) Bill 2026,Health (Amendment) Bill 2026,https://data.oireachtas.ie/ie/oireachtas/def/house/dail,Dáil Éireann,Public,Current,2025-07-31,2026-06-18,/legislation,2026-07-20,8e367d996b8b80d1,Second Stage,2026-06-17,34th Dáil,Current,2,2,Louise O'Reilly,,https://data.oireachtas.ie/ie/oireachtas/member/id/Louise-O'Reilly.D.2016-10-03,"[""David Cullinane"",""Louise O'Reilly""]",[],source_uri_present,0,0,0,,,,,0,0,0,,second_stage,Second Stage,30,Second Stage,34th Dáil,2,30,2,second_stage-02,Current|Second Stage|34th Dáil|2026-06-17,editorial_summary_required,no_certified_debate,do_not_infer_from_speeches,2026-09-06T18:41:34.147654+00:00,6,baseline_recent,second_stage,Second Stage,30,baseline_recent,2026-09-06,90,2,4,2,second_stage-02
https://data.oireachtas.ie/ie/oireachtas/bill/2026/66,https://data.oireachtas.ie/ie/oireachtas/bill/2026/66,66,2026,School Meals Nutritional Standards Bill 2026,School Meals Nutritional Standards Bill 2026,https://data.oireachtas.ie/ie/oireachtas/def/house/dail,Dáil Éireann,Public,Current,2026-06-15,2026-06-17,/legislation,2026-07-20,775bb22ae54db9bb,Second Stage,2026-06-16,34th Dáil,Current,2,1,Jen Cummins,,https://data.oireachtas.ie/ie/oireachtas/member/id/Jen-Cummins.D.2024-11-29,"[""Jen Cummins""]",[],source_uri_present,0,0,0,,,,,0,0,0,,second_stage,Second Stage,30,Second Stage,34th Dáil,2,30,3,second_stage-02,Current|Second Stage|34th Dáil|2026-06-16,editorial_summary_required,no_certified_debate,do_not_infer_from_speeches,2026-09-06T18:41:34.147654+00:00,6,baseline_recent,second_stage,Second Stage,30,baseline_recent,2026-09-06,90,2,4,3,second_stage-02
https://data.oireachtas.ie/ie/oireachtas/bill/2026/64,https://data.oireachtas.ie/ie/oireachtas/bill/2026/64,64,2026,Forestry (Critical Infrastructure) (Amendment) Bill 2026,Forestry (Critical Infrastructure) (Amendment) Bill 2026,https://data.oireachtas.ie/ie/oireachtas/def/house/dail,Dáil Éireann,Public,Current,2026-06-09,2026-06-17,/legislation,2026-07-20,9228c56af9d4c252,Second Stage,2026-06-16,34th Dáil,Current,2,2,Martin Kenny,,https://data.oireachtas.ie/ie/oireachtas/member/id/Martin-Kenny.D.2016-10-03,"[""Claire Kerrane"",""Martin Kenny""]",[],source_uri_present,0,0,0,,,,,0,0,0,,second_stage,Second Stage,30,Second Stage,34th Dáil,2,30,4,second_stage-02,Current|Second Stage|34th Dáil|2026-06-16,editorial_summary_required,no_certified_debate,do_not_infer_from_speeches,2026-09-06T18:41:34.147654+00:00,6,baseline_recent,second_stage,Second Stage,30,baseline_recent,2026-09-06,90,2,4,4,second_stage-02
https://data.oireachtas.ie/ie/oireachtas/bill/2026/61,https://data.oireachtas.ie/ie/oireachtas/bill/2026/61,61,2026,Prohibition of Sulky-Racing Bill 2026,Prohibition of Sulky-Racing Bill 2026,https://data.oireachtas.ie/ie/oireachtas/def/house/dail,Dáil Éireann,Public,Current,2026-05-14,2026-06-11,/legislation,2026-07-20,b3145c4edf7b2c7e,Second Stage,2026-06-10,34th Dáil,Current,2,1,Mattie McGrath,,https://data.oireachtas.ie/ie/oireachtas/member/id/Mattie-McGrath.D.2007-06-14,"[""Mattie McGrath""]",[],source_uri_present,1,5,0,,,,,0,0,0,no_recorded_division,second_stage,Second Stage,30,Second Stage,34th Dáil,2,30,5,second_stage-02,Current|Second Stage|34th Dáil|2026-06-10,editorial_summary_required,certified_debate_available,do_not_infer_from_speeches,2026-09-06T18:41:34.147654+00:00,6,baseline_recent,second_stage,Second Stage,30,baseline_recent,2026-09-06,90,2,4,5,second_stage-02
https://data.oireachtas.ie/ie/oireachtas/bill/2026/60,https://data.oireachtas.ie/ie/oireachtas/bill/2026/60,60,2026,Electoral (Amendment) (Voting Age) Bill 2026,Electoral (Amendment) (Voting Age) Bill 2026,https://data.oireachtas.ie/ie/oireachtas/def/house/seanad,Seanad Éireann,Public,Current,2026-06-08,2026-07-16,/legislation,2026-07-20,722ebb488b7a341b,Second Stage,2026-06-10,27th Seanad,Current,2,6,Joanne Collins,,https://data.oireachtas.ie/ie/oireachtas/member/id/Joanne-Collins.S.2025-01-29,"[""Chris Andrews"",""Conor Murphy"",""Joanne Collins"",""Maria McCormack"",""Nicole Ryan"",""Pauline Tully""]",[],source_uri_present,0,0,0,,,,,0,0,0,,second_stage,Second Stage,30,Second Stage,27th Seanad,2,30,6,second_stage-02,Current|Second Stage|27th Seanad|2026-06-10,editorial_summary_required,no_certified_debate,do_not_infer_from_speeches,2026-09-06T18:41:34.147654+00:00,6,baseline_recent,second_stage,Second Stage,30,baseline_recent,2026-09-06,90,2,4,6,second_stage-02
https://data.oireachtas.ie/ie/oireachtas/bill/2026/19,https://data.oireachtas.ie/ie/oireachtas/bill/2026/19,19,2026,Media Regulation Bill 2026,Media Regulation Bill 2026,https://data.oireachtas.ie/ie/oireachtas/def/house/dail,Dáil Éireann,Public,Current,2026-02-26,2026-06-12,/legislation,2026-07-20,422e938022609d8c,Second Stage,2026-06-10,27th Seanad,,6,1,,"Minister for Culture, Communications and Sport",,[],"[""Minister for Culture, Communications and Sport""]",role_or_office_only,3,21,0,,,,,0,0,0,no_recorded_division,second_stage,Second Stage,30,Second Stage,27th Seanad,3,30,1,second_stage-03,Current|Second Stage|27th Seanad|2026-06-10,editorial_summary_required,certified_debate_available,do_not_infer_from_speeches,2026-09-06T18:41:34.147654+00:00,6,baseline_recent,second_stage,Second Stage,30,baseline_recent,2026-09-06,90,3,4,1,second_stage-03
https://data.oireachtas.ie/ie/oireachtas/bill/2026/54,https://data.oireachtas.ie/ie/oireachtas/bill/2026/54,54,2026,Broadcasting (Amendment) Bill 2026,Broadcasting (Amendment) Bill 2026,https://data.oireachtas.ie/ie/oireachtas/def/house/dail,Dáil Éireann,Public,Current,2026-05-27,2026-06-11,/legislation,2026-07-20,1d23018e60439329,Second Stage,2026-05-28,34th Dáil,,2,1,,"Minister for Culture, Communications and Sport",,[],"[""Minister for Culture, Communications and Sport""]",role_or_office_only,4,34,1,https://data.oireachtas.ie/ie/oireachtas/division/house/dail/34/2026-06-10/vote_132,2026-06-10,"Question put: ""That the Bill be now read a Second Time.""",Carried,102,44,0,recorded_division_available,second_stage,Second Stage,30,Second Stage,34th Dáil,3,30,2,second_stage-03,Current|Second Stage|34th Dáil|2026-05-28,editorial_summary_required,certified_debate_available,recorded_vote_evidence_available,2026-09-06T18:41:34.147654+00:00,6,baseline_recent,second_stage,Second Stage,30,baseline_recent,2026-09-06,90,3,4,2,second_stage-03
https://data.oireachtas.ie/ie/oireachtas/bill/2026/47,https://data.oireachtas.ie/ie/oireachtas/bill/2026/47,47,2026,Health (Abolition of Three Day Wait Rule) (Amendment) Bill 2026,Health (Abolition of Three Day Wait Rule) (Amendment) Bill 2026,https://data.oireachtas.ie/ie/oireachtas/def/house/dail,Dáil Éireann,Public,Current,2026-05-06,2026-06-18,/legislation,2026-07-20,d6b60c928dc2659e,Second Stage,2026-05-07,34th Dáil,,2,1,David Cullinane,,https://data.oireachtas.ie/ie/oireachtas/member/id/David-Cullinane.S.2011-05-25,"[""David Cullinane""]",[],source_uri_present,3,39,1,https://data.oireachtas.ie/ie/oireachtas/division/house/dail/34/2026-06-17/vote_149,2026-06-17,Question put:,Carried,86,70,0,recorded_division_available,second_stage,Second Stage,30,Second Stage,34th Dáil,3,30,5,second_stage-03,Current|Second Stage|34th Dáil|2026-05-07,editorial_summary_required,certified_debate_available,recorded_vote_evidence_available,2026-09-06T18:41:34.147654+00:00,6,baseline_recent,second_stage,Second Stage,30,baseline_recent,2026-09-06,90,3,4,3,second_stage-03
https://data.oireachtas.ie/ie/oireachtas/bill/2026/22,https://data.oireachtas.ie/ie/oireachtas/bill/2026/22,22,2026,Criminal Justice (Theft and Fraud Offences) (Amendment) (Work Equipment) Bill 2026,Criminal Justice (Theft and Fraud Offences) (Amendment) (Work Equipment) Bill 2026,https://data.oireachtas.ie/ie/oireachtas/def/house/seanad,Seanad Éireann,Public,Current,2026-02-25,2026-06-16,/legislation,2026-07-20,befded326c1bb9fe,Second Stage,2026-02-25,27th Seanad,,2,3,PJ Murphy,,https://data.oireachtas.ie/ie/oireachtas/member/id/PJ-Murphy.S.2025-01-29,"[""Mark Duffy"",""Mike Kennelly"",""PJ Murphy""]",[],source_uri_present,0,0,0,,,,,0,0,0,,second_stage,Second Stage,30,Second Stage,27th Seanad,6,30,5,second_stage-06,Current|Second Stage|27th Seanad|2026-02-25,editorial_summary_required,no_certified_debate,do_not_infer_from_speeches,2026-09-06T18:41:34.147654+00:00,6,baseline_recent,second_stage,Second Stage,30,baseline_recent,2026-09-06,90,3,4,4,second_stage-03
https://data.oireachtas.ie/ie/oireachtas/bill/2026/21,https://data.oireachtas.ie/ie/oireachtas/bill/2026/21,21,2026,Planning and Development (Provision of Public Housing) Bill 2026,Planning and Development (Provision of Public Housing) Bill 2026,https://data.oireachtas.ie/ie/oireachtas/def/house/seanad,Seanad Éireann,Public,Current,2026-02-25,2026-07-02,/legislation,2026-07-20,a855b521e1487897,Second Stage,2026-02-25,27th Seanad,Current,2,6,Chris Andrews,,https://data.oireachtas.ie/ie/oireachtas/member/id/Chris-Andrews.D.2007-06-14,"[""Chris Andrews"",""Conor Murphy"",""Joanne Collins"",""Maria McCormack"",""Nicole Ryan"",""Pauline Tully""]",[],source_uri_present,0,0,0,,,,,0,0,0,,second_stage,Second Stage,30,Second Stage,27th Seanad,6,30,6,second_stage-06,Current|Second Stage|27th Seanad|2026-02-25,editorial_summary_required,no_certified_debate,do_not_infer_from_speeches,2026-09-06T18:41:34.147654+00:00,6,baseline_recent,second_stage,Second Stage,30,baseline_recent,2026-09-06,90,3,4,5,second_stage-03
https://data.oireachtas.ie/ie/oireachtas/bill/2026/16,https://data.oireachtas.ie/ie/oireachtas/bill/2026/16,16,2026,Social Housing Passport Bill 2026,Social Housing Passport Bill 2026,https://data.oireachtas.ie/ie/oireachtas/def/house/dail,Dáil Éireann,Public,Current,2026-01-27,2026-07-15,/legislation,2026-07-20,c9adc998574e8ef5,Second Stage,2026-02-12,34th Dáil,Current,2,3,Eoin Ó Broin,,https://data.oireachtas.ie/ie/oireachtas/member/id/Eoin-Ó-Broin.D.2016-10-03,"[""Eoin Ó Broin"",""Louise O'Reilly"",""Mark Ward""]",[],source_uri_present,3,20,1,https://data.oireachtas.ie/ie/oireachtas/division/house/dail/34/2026-07-15/vote_189,2026-07-15,Amendment put:,Carried,81,69,0,recorded_division_available,second_stage,Second Stage,30,Second Stage,34th Dáil,7,30,3,second_stage-07,Current|Second Stage|34th Dáil|2026-02-12,editorial_summary_required,certified_debate_available,recorded_vote_evidence_available,2026-09-06T18:41:34.147654+00:00,6,baseline_recent,second_stage,Second Stage,30,baseline_recent,2026-09-06,90,3,4,6,second_stage-03
https://data.oireachtas.ie/ie/oireachtas/bill/2026/14,https://data.oireachtas.ie/ie/oireachtas/bill/2026/14,14,2026,Waste Management (Single Household Waste Collection Service) Bill 2026,Waste Management (Single Household Waste Collection Service) Bill 2026,https://data.oireachtas.ie/ie/oireachtas/def/house/dail,Dáil Éireann,Public,Current,2026-01-13,2026-07-16,/legislation,2026-07-20,f33a1d9dff669dae,Second Stage,2026-02-10,34th Dáil,Current,2,1,Marie Sherlock,,https://data.oireachtas.ie/ie/oireachtas/member/id/Marie-Sherlock.S.2020-03-30,"[""Marie Sherlock""]",[],source_uri_present,2,25,0,,,,,0,0,0,no_recorded_division,second_stage,Second Stage,30,Second Stage,34th Dáil,7,30,5,second_stage-07,Current|Second Stage|34th Dáil|2026-02-10,editorial_summary_required,certified_debate_available,do_not_infer_from_speeches,2026-09-06T18:41:34.147654+00:00,6,baseline_recent,second_stage,Second Stage,30,baseline_recent,2026-09-06,90,4,4,1,second_stage-04
https://data.oireachtas.ie/ie/oireachtas/bill/2025/79,https://data.oireachtas.ie/ie/oireachtas/bill/2025/79,79,2025,Civil Liability (Child Sexual Abuse Proceedings Against Unincorporated Bodies of Persons) Bill 2025,Civil Liability (Child Sexual Abuse Proceedings Against Unincorporated Bodies of Persons) Bill 2025,https://data.oireachtas.ie/ie/oireachtas/def/house/dail,Dáil Éireann,Public,Current,2025-12-09,2026-07-08,/legislation,2026-07-20,8c094ffe919b03bd,Second Stage,2025-12-09,34th Dáil,,2,1,Ivana Bacik,,https://data.oireachtas.ie/ie/oireachtas/member/id/Ivana-Bacik.S.2007-07-23,"[""Ivana Bacik""]",[],source_uri_present,3,18,1,https://data.oireachtas.ie/ie/oireachtas/division/house/dail/34/2026-07-08/vote_177,2026-07-08,Amendment put:,Carried,80,65,0,recorded_division_available,second_stage,Second Stage,30,Second Stage,34th Dáil,10,30,2,second_stage-10,Current|Second Stage|34th Dáil|2025-12-09,editorial_summary_required,certified_debate_available,recorded_vote_evidence_available,2026-09-06T18:41:34.147654+00:00,6,baseline_recent,second_stage,Second Stage,30,baseline_recent,2026-09-06,90,4,4,2,second_stage-04
https://data.oireachtas.ie/ie/oireachtas/bill/2025/11,https://data.oireachtas.ie/ie/oireachtas/bill/2025/11,11,2025,Protection of Voice and Image Bill 2025,Protection of Voice and Image Bill 2025,https://data.oireachtas.ie/ie/oireachtas/def/house/dail,Dáil Éireann,Public,Current,2025-03-10,2026-06-12,/legislation,2026-07-20,9711485bbe37bb3b,Second Stage,2025-04-01,34th Dáil,,2,1,Malcolm Byrne,,https://data.oireachtas.ie/ie/oireachtas/member/id/Malcolm-Byrne.D.2019-11-29,"[""Malcolm Byrne""]",[],source_uri_present,2,13,0,,,,,0,0,0,no_recorded_division,second_stage,Second Stage,30,Second Stage,34th Dáil,17,30,1,second_stage-17,Current|Second Stage|34th Dáil|2025-04-01,editorial_summary_required,certified_debate_available,do_not_infer_from_speeches,2026-09-06T18:41:34.147654+00:00,6,baseline_recent,second_stage,Second Stage,30,baseline_recent,2026-09-06,90,4,4,3,second_stage-04
https://data.oireachtas.ie/ie/oireachtas/bill/2022/64,https://data.oireachtas.ie/ie/oireachtas/bill/2022/64,64,2022,Litter Pollution (Amendment) Bill 2022,Litter Pollution (Amendment) Bill 2022,https://data.oireachtas.ie/ie/oireachtas/def/house/dail,Dáil Éireann,Public,Current,2022-03-30,2026-06-25,/legislation,2026-07-20,e3f3840ebbb875a2,Second Stage,2024-11-08,33rd Dáil,Current,2,1,Patrick Costello,,https://data.oireachtas.ie/ie/oireachtas/member/id/Patrick-Costello.D.2020-02-08,"[""Patrick Costello""]",[],source_uri_present,0,0,0,,,,,0,0,0,,second_stage,Second Stage,30,Second Stage,33rd Dáil,20,30,6,second_stage-20,Current|Second Stage|33rd Dáil|2024-11-08,editorial_summary_required,no_certified_debate,do_not_infer_from_speeches,2026-09-06T18:41:34.147654+00:00,6,baseline_recent,second_stage,Second Stage,30,baseline_recent,2026-09-06,90,4,4,4,second_stage-04
https://data.oireachtas.ie/ie/oireachtas/bill/2025/38,https://data.oireachtas.ie/ie/oireachtas/bill/2025/38,38,2025,Victims of Sexual Violence Civil Protection Orders Bill 2025,Victims of Sexual Violence Civil Protection Orders Bill 2025,https://data.oireachtas.ie/ie/oireachtas/def/house/dail,Dáil Éireann,Public,Current,2025-06-09,2026-07-15,/legislation,2026-08-01,03df57ab2fd712ec,Committee Stage,2026-07-15,34th Dáil,Current,3,1,Matt Carthy,,https://data.oireachtas.ie/ie/oireachtas/member/id/Matt-Carthy.D.2020-02-08,"[""Matt Carthy""]",[],source_uri_present,3,36,0,,,,,0,0,0,no_recorded_division,committee_stage,Committee Stage,40,Committee Stage,34th Dáil,1,16,1,committee_stage-01,Current|Committee Stage|34th Dáil|2026-07-15,editorial_summary_required,certified_debate_available,do_not_infer_from_speeches,2026-09-06T18:41:34.147654+00:00,6,baseline_recent,committee_stage,Committee Stage,40,baseline_recent,2026-09-06,90,1,2,1,committee_stage-01
https://data.oireachtas.ie/ie/oireachtas/bill/2026/77,https://data.oireachtas.ie/ie/oireachtas/bill/2026/77,77,2026,Protection of Children (Online Age Verification) Bill 2026,Protection of Children (Online Age Verification) Bill 2026,https://data.oireachtas.ie/ie/oireachtas/def/house/seanad,Seanad Éireann,Public,Current,2026-07-02,2026-07-09,/legislation,2026-08-01,75e78a79387d0472,Committee Stage,2026-07-08,27th Seanad,Current,3,9,Rónán Mullen,,https://data.oireachtas.ie/ie/oireachtas/member/id/Rónán-Mullen.S.2007-07-23,"[""Aidan Davitt"",""Aubrey McCarthy"",""Diarmuid Wilson"",""Gerard P. Craughwell"",""Joe Conway"",""Michael McDowell"",""Rónán Mullen"",""Sarah O'Reilly"",""Sharon Keogan""]",[],source_uri_present,0,0,0,,,,,0,0,0,,committee_stage,Committee Stage,40,Committee Stage,27th Seanad,1,16,2,committee_stage-01,Current|Committee Stage|27th Seanad|2026-07-08,editorial_summary_required,no_certified_debate,do_not_infer_from_speeches,2026-09-06T18:41:34.147654+00:00,6,baseline_recent,committee_stage,Committee Stage,40,baseline_recent,2026-09-06,90,1,2,2,committee_stage-01
https://data.oireachtas.ie/ie/oireachtas/bill/2026/56,https://data.oireachtas.ie/ie/oireachtas/bill/2026/56,56,2026,Prohibition of Lethal Autonomous Weapons Systems Bill 2026,Prohibition of Lethal Autonomous Weapons Systems Bill 2026,https://data.oireachtas.ie/ie/oireachtas/def/house/seanad,Seanad Éireann,Public,Current,2026-05-27,2026-06-23,/legislation,2026-07-20,cbe0481e5a276648,Committee Stage,2026-06-23,27th Seanad,Current,3,4,Alice-Mary Higgins,,https://data.oireachtas.ie/ie/oireachtas/member/id/Alice-Mary-Higgins.S.2016-04-25,"[""Alice-Mary Higgins"",""Eileen Flynn"",""Frances Black"",""Lynn Ruane""]",[],source_uri_present,0,0,0,,,,,0,0,0,,committee_stage,Committee Stage,40,Committee Stage,27th Seanad,1,16,3,committee_stage-01,Current|Committee Stage|27th Seanad|2026-06-23,editorial_summary_required,no_certified_debate,do_not_infer_from_speeches,2026-09-06T18:41:34.147654+00:00,6,baseline_recent,committee_stage,Committee Stage,40,baseline_recent,2026-09-06,90,1,2,3,committee_stage-01
https://data.oireachtas.ie/ie/oireachtas/bill/2026/52,https://data.oireachtas.ie/ie/oireachtas/bill/2026/52,52,2026,Dublin Transport Authority (Amendment) Bill 2026,Dublin Transport Authority (Amendment) Bill 2026,https://data.oireachtas.ie/ie/oireachtas/def/house/dail,Dáil Éireann,Public,Current,2026-05-15,2026-06-25,/legislation,2026-07-20,e33e018dfd1c4b2b,Committee Stage,2026-05-26,34th Dáil,,3,1,,Minister for Transport,,[],"[""Minister for Transport""]",role_or_office_only,2,56,0,,,,,0,0,0,no_recorded_division,committee_stage,Committee Stage,40,Committee Stage,34th Dáil,1,16,4,committee_stage-01,Current|Committee Stage|34th Dáil|2026-05-26,editorial_summary_required,certified_debate_available,do_not_infer_from_speeches,2026-09-06T18:41:34.147654+00:00,6,baseline_recent,committee_stage,Committee Stage,40,baseline_recent,2026-09-06,90,1,2,4,committee_stage-01
https://data.oireachtas.ie/ie/oireachtas/bill/2026/42,https://data.oireachtas.ie/ie/oireachtas/bill/2026/42,42,2026,Industrial Development (Amendment) and Miscellaneous Provisions Bill 2026,Industrial Development (Amendment) and Miscellaneous Provisions Bill 2026,https://data.oireachtas.ie/ie/oireachtas/def/house/dail,Dáil Éireann,Public,Current,2026-05-06,2026-07-03,/legislation,2026-07-20,ed3c37941abcd914,Committee Stage,2026-05-14,34th Dáil,,3,1,,"Minister for Enterprise, Tourism and Employment",,[],"[""Minister for Enterprise, Tourism and Employment""]",role_or_office_only,2,27,0,,,,,0,0,0,no_recorded_division,committee_stage,Committee Stage,40,Committee Stage,34th Dáil,1,16,5,committee_stage-01,Current|Committee Stage|34th Dáil|2026-05-14,editorial_summary_required,certified_debate_available,do_not_infer_from_speeches,2026-09-06T18:41:34.147654+00:00,6,baseline_recent,committee_stage,Committee Stage,40,baseline_recent,2026-09-06,90,1,2,5,committee_stage-01
https://data.oireachtas.ie/ie/oireachtas/bill/2025/46,https://data.oireachtas.ie/ie/oireachtas/bill/2025/46,46,2025,Health (Amendment) Bill 2025,Health (Amendment) Bill 2025,https://data.oireachtas.ie/ie/oireachtas/def/house/dail,Dáil Éireann,Public,Current,2025-07-11,2026-06-29,/legislation,2026-07-20,498a3d78565ed3fa,Committee Stage,2025-07-16,34th Dáil,,3,1,,Minister for Health,,[],"[""Minister for Health""]",role_or_office_only,2,53,0,,,,,0,0,0,no_recorded_division,committee_stage,Committee Stage,40,Committee Stage,34th Dáil,2,16,4,committee_stage-02,Current|Committee Stage|34th Dáil|2025-07-16,editorial_summary_required,certified_debate_available,do_not_infer_from_speeches,2026-09-06T18:41:34.147654+00:00,6,baseline_recent,committee_stage,Committee Stage,40,baseline_recent,2026-09-06,90,1,2,6,committee_stage-01
https://data.oireachtas.ie/ie/oireachtas/bill/2021/150,https://data.oireachtas.ie/ie/oireachtas/bill/2021/150,150,2021,Seller’s Legal Pack for Property Buyers Bill 2021,Seller’s Legal Pack for Property Buyers Bill 2021,https://data.oireachtas.ie/ie/oireachtas/def/house/dail,Dáil Éireann,Public,Current,2021-11-11,2026-07-14,/legislation,2026-08-01,f47bae8b7176bcc3,Committee Stage,2024-11-08,33rd Dáil,Current,3,1,Marc MacSharry,,https://data.oireachtas.ie/ie/oireachtas/member/id/Marc-MacSharry.S.2002-09-12,"[""Marc MacSharry""]",[],source_uri_present,1,1,0,,,,,0,0,0,no_recorded_division,committee_stage,Committee Stage,40,Committee Stage,33rd Dáil,9,16,2,committee_stage-09,Current|Committee Stage|33rd Dáil|2024-11-08,editorial_summary_required,certified_debate_available,do_not_infer_from_speeches,2026-09-06T18:41:34.147654+00:00,6,baseline_recent,committee_stage,Committee Stage,40,baseline_recent,2026-09-06,90,2,2,1,committee_stage-02
https://data.oireachtas.ie/ie/oireachtas/bill/2025/5,https://data.oireachtas.ie/ie/oireachtas/bill/2025/5,5,2025,Insurance (Disregard of Certain Medical History and Miscellaneous Provisions) Bill 2025,Insurance (Disregard of Certain Medical History and Miscellaneous Provisions) Bill 2025,https://data.oireachtas.ie/ie/oireachtas/def/house/dail,Dáil Éireann,Public,Current,2025-02-12,2026-07-09,/legislation,2026-08-01,f6f72c92f34e6b91,Fifth Stage,2026-07-08,27th Seanad,,9,1,Catherine Ardagh,,https://data.oireachtas.ie/ie/oireachtas/member/id/Catherine-Ardagh.S.2016-04-25,"[""Catherine Ardagh""]",[],source_uri_present,4,22,0,,,,,0,0,0,no_recorded_division,fifth_stage,Fifth Stage,60,Fifth Stage,27th Seanad,1,1,1,fifth_stage-01,Current|Fifth Stage|27th Seanad|2026-07-08,editorial_summary_required,certified_debate_available,do_not_infer_from_speeches,2026-09-06T18:41:34.147654+00:00,6,baseline_recent,fifth_stage,Fifth Stage,60,baseline_recent,2026-09-06,90,1,1,1,fifth_stage-01
https://data.oireachtas.ie/ie/oireachtas/bill/2026/3,https://data.oireachtas.ie/ie/oireachtas/bill/2026/3,3,2026,Garda Síochána (Powers) Bill 2026,Garda Síochána (Powers) Bill 2026,https://data.oireachtas.ie/ie/oireachtas/def/house/seanad,Seanad Éireann,Public,Current,2026-01-14,2026-06-18,/legislation,2026-07-20,adab7247c0bacbf7,Fifth Stage,2026-06-17,27th Seanad,,5,1,,"Minister for Justice, Home Affairs and Migration",,[],"[""Minister for Justice, Home Affairs and Migration""]",role_or_office_only,0,0,0,,,,,0,0,0,,fifth_stage,Fifth Stage,60,Fifth Stage,27th Seanad,1,1,2,fifth_stage-01,Current|Fifth Stage|27th Seanad|2026-06-17,editorial_summary_required,no_certified_debate,do_not_infer_from_speeches,2026-09-06T18:41:34.147654+00:00,6,baseline_recent,fifth_stage,Fifth Stage,60,baseline_recent,2026-09-06,90,1,1,2,fifth_stage-01
