review_id,debate_section_id,question_date,year,to_minister_or_department,answer_status,grouped_answer,referred_or_direct_reply,embedded_table_count,linked_question_count,answer_chars,section_heading,source_xml_url
WPQG001,https://data.oireachtas.ie/akn/ie/debateRecord/dail/2025-01-22/writtens/dbsect_10,2025-01-22,2025,Taoiseach,ministerial_reply_present,False,False,2,1,9794,Departmental Projects,https://data.oireachtas.ie/akn/ie/debateRecord/dail/2025-01-22/writtens/mul@/dbsect_10.xml
WPQG002,https://data.oireachtas.ie/akn/ie/debateRecord/dail/2025-01-22/writtens/dbsect_100,2025-01-22,2025,Environment,ministerial_reply_present,False,False,0,1,1729,Renewable Energy Generation,https://data.oireachtas.ie/akn/ie/debateRecord/dail/2025-01-22/writtens/mul@/dbsect_100.xml
WPQG003,https://data.oireachtas.ie/akn/ie/debateRecord/dail/2025-01-22/writtens/dbsect_1000,2025-01-22,2025,Agriculture,ministerial_reply_present,False,False,4,1,6583,Departmental Staff,https://data.oireachtas.ie/akn/ie/debateRecord/dail/2025-01-22/writtens/mul@/dbsect_1000.xml
WPQG004,https://data.oireachtas.ie/akn/ie/debateRecord/dail/2025-01-22/writtens/dbsect_1058,2025-01-22,2025,Children,ministerial_reply_present,False,False,0,1,1092,Housing Schemes,https://data.oireachtas.ie/akn/ie/debateRecord/dail/2025-01-22/writtens/mul@/dbsect_1058.xml
WPQG005,https://data.oireachtas.ie/akn/ie/debateRecord/dail/2025-01-22/writtens/dbsect_110,2025-01-22,2025,Defence,ministerial_reply_present,False,False,0,1,314,Departmental Staff,https://data.oireachtas.ie/akn/ie/debateRecord/dail/2025-01-22/writtens/mul@/dbsect_110.xml
WPQG006,https://data.oireachtas.ie/akn/ie/debateRecord/dail/2025-01-22/writtens/dbsect_1214,2025-01-22,2025,Health,ministerial_reply_present,False,False,0,1,186,Health Services Waiting Lists,https://data.oireachtas.ie/akn/ie/debateRecord/dail/2025-01-22/writtens/mul@/dbsect_1214.xml
WPQG007,https://data.oireachtas.ie/akn/ie/debateRecord/dail/2025-01-22/writtens/dbsect_134,2025-01-22,2025,Transport,ministerial_reply_present,False,False,0,1,1654,Road Network,https://data.oireachtas.ie/akn/ie/debateRecord/dail/2025-01-22/writtens/mul@/dbsect_134.xml
WPQG008,https://data.oireachtas.ie/akn/ie/debateRecord/dail/2025-01-22/writtens/dbsect_1598,2025-01-22,2025,Further and Higher Education,ministerial_reply_present,False,False,3,1,2378,Departmental Staff,https://data.oireachtas.ie/akn/ie/debateRecord/dail/2025-01-22/writtens/mul@/dbsect_1598.xml
WPQG009,https://data.oireachtas.ie/akn/ie/debateRecord/dail/2025-01-22/writtens/dbsect_16,2025-01-22,2025,Foreign,ministerial_reply_present,True,False,0,2,1128,Departmental Staff,https://data.oireachtas.ie/akn/ie/debateRecord/dail/2025-01-22/writtens/mul@/dbsect_16.xml
WPQG010,https://data.oireachtas.ie/akn/ie/debateRecord/dail/2025-01-22/writtens/dbsect_1645,2025-01-22,2025,Rural,ministerial_reply_present,False,False,1,1,977,Departmental Staff,https://data.oireachtas.ie/akn/ie/debateRecord/dail/2025-01-22/writtens/mul@/dbsect_1645.xml
WPQG011,https://data.oireachtas.ie/akn/ie/debateRecord/dail/2025-01-22/writtens/dbsect_312,2025-01-22,2025,Finance,ministerial_reply_present,False,False,0,1,1163,An Garda Síochána,https://data.oireachtas.ie/akn/ie/debateRecord/dail/2025-01-22/writtens/mul@/dbsect_312.xml
WPQG012,https://data.oireachtas.ie/akn/ie/debateRecord/dail/2025-01-22/writtens/dbsect_350,2025-01-22,2025,Public Expenditure,ministerial_reply_present,False,False,0,1,1494,Coast Guard Service,https://data.oireachtas.ie/akn/ie/debateRecord/dail/2025-01-22/writtens/mul@/dbsect_350.xml
WPQG013,https://data.oireachtas.ie/akn/ie/debateRecord/dail/2025-01-22/writtens/dbsect_406,2025-01-22,2025,Enterprise,ministerial_reply_present,False,False,0,1,149,Artificial Intelligence,https://data.oireachtas.ie/akn/ie/debateRecord/dail/2025-01-22/writtens/mul@/dbsect_406.xml
WPQG014,https://data.oireachtas.ie/akn/ie/debateRecord/dail/2025-01-22/writtens/dbsect_447,2025-01-22,2025,Education,ministerial_reply_present,False,False,0,1,2143,Irish Language,https://data.oireachtas.ie/akn/ie/debateRecord/dail/2025-01-22/writtens/mul@/dbsect_447.xml
WPQG015,https://data.oireachtas.ie/akn/ie/debateRecord/dail/2025-01-22/writtens/dbsect_638,2025-01-22,2025,Education,ministerial_reply_present,False,False,1,1,3268,School Transport,https://data.oireachtas.ie/akn/ie/debateRecord/dail/2025-01-22/writtens/mul@/dbsect_638.xml
WPQG016,https://data.oireachtas.ie/akn/ie/debateRecord/dail/2025-01-22/writtens/dbsect_651,2025-01-22,2025,Tourism,ministerial_reply_present,False,False,1,1,1653,Tourist Accommodation,https://data.oireachtas.ie/akn/ie/debateRecord/dail/2025-01-22/writtens/mul@/dbsect_651.xml
WPQG017,https://data.oireachtas.ie/akn/ie/debateRecord/dail/2025-01-22/writtens/dbsect_679,2025-01-22,2025,Housing,ministerial_reply_present,True,False,2,2,2935,Departmental Staff,https://data.oireachtas.ie/akn/ie/debateRecord/dail/2025-01-22/writtens/mul@/dbsect_679.xml
WPQG018,https://data.oireachtas.ie/akn/ie/debateRecord/dail/2025-01-22/writtens/dbsect_785,2025-01-22,2025,Social,ministerial_reply_present,False,False,0,1,3113,Social Welfare Appeals,https://data.oireachtas.ie/akn/ie/debateRecord/dail/2025-01-22/writtens/mul@/dbsect_785.xml
WPQG019,https://data.oireachtas.ie/akn/ie/debateRecord/dail/2025-01-22/writtens/dbsect_853,2025-01-22,2025,Justice,ministerial_reply_present,False,False,0,1,1136,Immigration Support Services,https://data.oireachtas.ie/akn/ie/debateRecord/dail/2025-01-22/writtens/mul@/dbsect_853.xml
WPQG020,https://data.oireachtas.ie/akn/ie/debateRecord/dail/2025-02-05/writtens/dbsect_1008,2025-02-05,2025,Health,ministerial_reply_present,False,True,0,1,146,Health Services,https://data.oireachtas.ie/akn/ie/debateRecord/dail/2025-02-05/writtens/mul@/dbsect_1008.xml
WPQG021,https://data.oireachtas.ie/akn/ie/debateRecord/dail/2025-02-05/writtens/dbsect_1238,2025-02-05,2025,Health,ministerial_reply_present,False,True,0,1,146,Health Service Executive,https://data.oireachtas.ie/akn/ie/debateRecord/dail/2025-02-05/writtens/mul@/dbsect_1238.xml
WPQG022,https://data.oireachtas.ie/akn/ie/debateRecord/dail/2025-02-25/writtens/dbsect_666,2025-02-25,2025,Children,ministerial_reply_present,True,False,0,1,167,International Protection,https://data.oireachtas.ie/akn/ie/debateRecord/dail/2025-02-25/writtens/mul@/dbsect_666.xml
WPQG023,https://data.oireachtas.ie/akn/ie/debateRecord/dail/2025-03-04/writtens/dbsect_450,2025-03-04,2025,Justice,ministerial_reply_present,False,False,2,1,4233,Departmental Bodies,https://data.oireachtas.ie/akn/ie/debateRecord/dail/2025-03-04/writtens/mul@/dbsect_450.xml
WPQG024,https://data.oireachtas.ie/akn/ie/debateRecord/dail/2025-03-05/writtens/dbsect_215,2025-03-05,2025,Health,unresolved_structure,False,False,0,1,0,Assisted Human Reproduction,https://data.oireachtas.ie/akn/ie/debateRecord/dail/2025-03-05/writtens/mul@/dbsect_215.xml
WPQG025,https://data.oireachtas.ie/akn/ie/debateRecord/dail/2025-03-19/writtens/dbsect_1528,2025-03-19,2025,Health,ministerial_reply_present,False,True,0,1,172,Mental Health Services,https://data.oireachtas.ie/akn/ie/debateRecord/dail/2025-03-19/writtens/mul@/dbsect_1528.xml
WPQG026,https://data.oireachtas.ie/akn/ie/debateRecord/dail/2025-03-19/writtens/dbsect_891,2025-03-19,2025,Justice,ministerial_reply_present,False,False,1,1,1828,Departmental Expenditure,https://data.oireachtas.ie/akn/ie/debateRecord/dail/2025-03-19/writtens/mul@/dbsect_891.xml
WPQG027,https://data.oireachtas.ie/akn/ie/debateRecord/dail/2025-03-25/writtens/dbsect_431,2025-03-25,2025,Children,ministerial_reply_present,True,False,0,2,3702,Childcare Services,https://data.oireachtas.ie/akn/ie/debateRecord/dail/2025-03-25/writtens/mul@/dbsect_431.xml
WPQG028,https://data.oireachtas.ie/akn/ie/debateRecord/dail/2025-04-01/writtens/dbsect_536,2025-04-01,2025,Children,ministerial_reply_present,False,True,0,1,219,Care Services,https://data.oireachtas.ie/akn/ie/debateRecord/dail/2025-04-01/writtens/mul@/dbsect_536.xml
WPQG029,https://data.oireachtas.ie/akn/ie/debateRecord/dail/2025-04-01/writtens/dbsect_689,2025-04-01,2025,Health,ministerial_reply_present,False,True,0,1,146,Mortality Rates,https://data.oireachtas.ie/akn/ie/debateRecord/dail/2025-04-01/writtens/mul@/dbsect_689.xml
WPQG030,https://data.oireachtas.ie/akn/ie/debateRecord/dail/2025-04-08/writtens/dbsect_893,2025-04-08,2025,Health,ministerial_reply_present,False,True,0,1,145,Hospital Waiting Lists,https://data.oireachtas.ie/akn/ie/debateRecord/dail/2025-04-08/writtens/mul@/dbsect_893.xml
WPQG031,https://data.oireachtas.ie/akn/ie/debateRecord/dail/2025-04-29/writtens/dbsect_1391,2025-04-29,2025,Justice,ministerial_reply_present,False,False,1,1,1915,An Garda Síochána,https://data.oireachtas.ie/akn/ie/debateRecord/dail/2025-04-29/writtens/mul@/dbsect_1391.xml
WPQG032,https://data.oireachtas.ie/akn/ie/debateRecord/dail/2025-04-29/writtens/dbsect_1547,2025-04-29,2025,Children,ministerial_reply_present,True,False,1,3,6781,Disability Services,https://data.oireachtas.ie/akn/ie/debateRecord/dail/2025-04-29/writtens/mul@/dbsect_1547.xml
WPQG033,https://data.oireachtas.ie/akn/ie/debateRecord/dail/2025-04-29/writtens/dbsect_544,2025-04-29,2025,Public Expenditure,ministerial_reply_present,False,False,0,1,1765,Departmental Data,https://data.oireachtas.ie/akn/ie/debateRecord/dail/2025-04-29/writtens/mul@/dbsect_544.xml
WPQG034,https://data.oireachtas.ie/akn/ie/debateRecord/dail/2025-05-07/writtens/dbsect_432,2025-05-07,2025,Health,ministerial_reply_present,False,False,0,1,115,Nursing Homes,https://data.oireachtas.ie/akn/ie/debateRecord/dail/2025-05-07/writtens/mul@/dbsect_432.xml
WPQG035,https://data.oireachtas.ie/akn/ie/debateRecord/dail/2025-05-20/writtens/dbsect_599,2025-05-20,2025,Agriculture,ministerial_reply_present,False,False,0,1,998,Animal Welfare,https://data.oireachtas.ie/akn/ie/debateRecord/dail/2025-05-20/writtens/mul@/dbsect_599.xml
WPQG036,https://data.oireachtas.ie/akn/ie/debateRecord/dail/2025-05-28/writtens/dbsect_339,2025-05-28,2025,Health,ministerial_reply_present,False,True,0,1,183,Cancer Services,https://data.oireachtas.ie/akn/ie/debateRecord/dail/2025-05-28/writtens/mul@/dbsect_339.xml
WPQG037,https://data.oireachtas.ie/akn/ie/debateRecord/dail/2025-06-10/writtens/dbsect_100,2025-06-10,2025,Climate,ministerial_reply_present,False,False,0,1,1365,Renewable Energy Generation,https://data.oireachtas.ie/akn/ie/debateRecord/dail/2025-06-10/writtens/mul@/dbsect_100.xml
WPQG038,https://data.oireachtas.ie/akn/ie/debateRecord/dail/2025-06-10/writtens/dbsect_115,2025-06-10,2025,Foreign,ministerial_reply_present,True,False,0,2,1196,Trade Agreements,https://data.oireachtas.ie/akn/ie/debateRecord/dail/2025-06-10/writtens/mul@/dbsect_115.xml
WPQG039,https://data.oireachtas.ie/akn/ie/debateRecord/dail/2025-06-10/writtens/dbsect_1198,2025-06-10,2025,Health,ministerial_reply_present,False,True,0,1,146,Hospital Staff,https://data.oireachtas.ie/akn/ie/debateRecord/dail/2025-06-10/writtens/mul@/dbsect_1198.xml
WPQG040,https://data.oireachtas.ie/akn/ie/debateRecord/dail/2025-06-10/writtens/dbsect_595,2025-06-10,2025,Culture,ministerial_reply_present,True,False,0,4,1787,Post Office Network,https://data.oireachtas.ie/akn/ie/debateRecord/dail/2025-06-10/writtens/mul@/dbsect_595.xml
WPQG041,https://data.oireachtas.ie/akn/ie/debateRecord/dail/2025-07-01/writtens/dbsect_378,2025-07-01,2025,Education,ministerial_reply_present,True,False,0,4,3370,Special Educational Needs,https://data.oireachtas.ie/akn/ie/debateRecord/dail/2025-07-01/writtens/mul@/dbsect_378.xml
WPQG042,https://data.oireachtas.ie/akn/ie/debateRecord/dail/2025-07-08/writtens/dbsect_141,2025-07-08,2025,Climate,ministerial_reply_present,False,False,2,1,8999,Departmental Advertising,https://data.oireachtas.ie/akn/ie/debateRecord/dail/2025-07-08/writtens/mul@/dbsect_141.xml
WPQG043,https://data.oireachtas.ie/akn/ie/debateRecord/dail/2025-07-08/writtens/dbsect_625,2025-07-08,2025,Health,ministerial_reply_present,False,True,0,1,146,Emergency Departments,https://data.oireachtas.ie/akn/ie/debateRecord/dail/2025-07-08/writtens/mul@/dbsect_625.xml
WPQG044,https://data.oireachtas.ie/akn/ie/debateRecord/dail/2025-07-29/writtens/dbsect_1556,2025-07-29,2025,Social,ministerial_reply_present,True,False,1,1,1062,School Meals Programme,https://data.oireachtas.ie/akn/ie/debateRecord/dail/2025-07-29/writtens/mul@/dbsect_1556.xml
WPQG045,https://data.oireachtas.ie/akn/ie/debateRecord/dail/2025-07-29/writtens/dbsect_2257,2025-07-29,2025,Health,ministerial_reply_present,False,True,0,1,348,Cancer Services,https://data.oireachtas.ie/akn/ie/debateRecord/dail/2025-07-29/writtens/mul@/dbsect_2257.xml
WPQG046,https://data.oireachtas.ie/akn/ie/debateRecord/dail/2025-07-29/writtens/dbsect_2756,2025-07-29,2025,Health,ministerial_reply_present,False,False,0,1,3728,National Development Plan,https://data.oireachtas.ie/akn/ie/debateRecord/dail/2025-07-29/writtens/mul@/dbsect_2756.xml
WPQG047,https://data.oireachtas.ie/akn/ie/debateRecord/dail/2025-07-29/writtens/dbsect_2932,2025-07-29,2025,Further and Higher Education,ministerial_reply_present,False,False,1,1,1310,Departmental Legal Cases,https://data.oireachtas.ie/akn/ie/debateRecord/dail/2025-07-29/writtens/mul@/dbsect_2932.xml
WPQG048,https://data.oireachtas.ie/akn/ie/debateRecord/dail/2025-07-29/writtens/dbsect_2978,2025-07-29,2025,Further and Higher Education,ministerial_reply_present,True,False,0,2,1903,Departmental Projects,https://data.oireachtas.ie/akn/ie/debateRecord/dail/2025-07-29/writtens/mul@/dbsect_2978.xml
WPQG049,https://data.oireachtas.ie/akn/ie/debateRecord/dail/2025-07-29/writtens/dbsect_3068,2025-07-29,2025,Rural,ministerial_reply_present,True,False,0,3,5099,Departmental Data,https://data.oireachtas.ie/akn/ie/debateRecord/dail/2025-07-29/writtens/mul@/dbsect_3068.xml
WPQG050,https://data.oireachtas.ie/akn/ie/debateRecord/dail/2025-09-08/writtens/dbsect_1299,2025-09-08,2025,Justice,ministerial_reply_present,False,False,1,1,936,An Garda Síochána,https://data.oireachtas.ie/akn/ie/debateRecord/dail/2025-09-08/writtens/mul@/dbsect_1299.xml
WPQG051,https://data.oireachtas.ie/akn/ie/debateRecord/dail/2025-09-17/writtens/dbsect_350,2025-09-17,2025,Education,ministerial_reply_present,True,False,0,4,1063,School Staff,https://data.oireachtas.ie/akn/ie/debateRecord/dail/2025-09-17/writtens/mul@/dbsect_350.xml
WPQG052,https://data.oireachtas.ie/akn/ie/debateRecord/dail/2025-09-23/writtens/dbsect_342,2025-09-23,2025,Culture,ministerial_reply_present,True,False,0,4,814,Sports Funding,https://data.oireachtas.ie/akn/ie/debateRecord/dail/2025-09-23/writtens/mul@/dbsect_342.xml
WPQG053,https://data.oireachtas.ie/akn/ie/debateRecord/dail/2025-10-08/writtens/dbsect_274,2025-10-08,2025,Health,ministerial_reply_present,False,False,0,1,7732,Medical Records,https://data.oireachtas.ie/akn/ie/debateRecord/dail/2025-10-08/writtens/mul@/dbsect_274.xml
WPQG054,https://data.oireachtas.ie/akn/ie/debateRecord/dail/2025-10-15/writtens/dbsect_313,2025-10-15,2025,Health,ministerial_reply_present,False,True,0,1,125,Dental Services,https://data.oireachtas.ie/akn/ie/debateRecord/dail/2025-10-15/writtens/mul@/dbsect_313.xml
WPQG055,https://data.oireachtas.ie/akn/ie/debateRecord/dail/2025-10-15/writtens/dbsect_76,2025-10-15,2025,Climate,ministerial_reply_present,True,False,0,2,1009,Legislative Measures,https://data.oireachtas.ie/akn/ie/debateRecord/dail/2025-10-15/writtens/mul@/dbsect_76.xml
WPQG056,https://data.oireachtas.ie/akn/ie/debateRecord/dail/2025-11-04/writtens/dbsect_1409,2025-11-04,2025,Health,ministerial_reply_present,True,False,0,1,7633,Medical Qualifications,https://data.oireachtas.ie/akn/ie/debateRecord/dail/2025-11-04/writtens/mul@/dbsect_1409.xml
WPQG057,https://data.oireachtas.ie/akn/ie/debateRecord/dail/2025-11-04/writtens/dbsect_856,2025-11-04,2025,Culture,ministerial_reply_present,False,False,8,1,4135,Departmental Funding,https://data.oireachtas.ie/akn/ie/debateRecord/dail/2025-11-04/writtens/mul@/dbsect_856.xml
WPQG058,https://data.oireachtas.ie/akn/ie/debateRecord/dail/2025-11-13/writtens/dbsect_445,2025-11-13,2025,Health,unresolved_structure,False,False,0,1,0,Departmental Funding,https://data.oireachtas.ie/akn/ie/debateRecord/dail/2025-11-13/writtens/mul@/dbsect_445.xml
WPQG059,https://data.oireachtas.ie/akn/ie/debateRecord/dail/2025-12-09/writtens/dbsect_832,2025-12-09,2025,Health,reply_not_received,False,False,0,1,0,Departmental Data,https://data.oireachtas.ie/akn/ie/debateRecord/dail/2025-12-09/writtens/mul@/dbsect_832.xml
WPQG060,https://data.oireachtas.ie/akn/ie/debateRecord/dail/2025-12-16/writtens/dbsect_774,2025-12-16,2025,Health,reply_not_received,False,False,0,1,0,Programme for Government,https://data.oireachtas.ie/akn/ie/debateRecord/dail/2025-12-16/writtens/mul@/dbsect_774.xml
WPQG061,https://data.oireachtas.ie/akn/ie/debateRecord/dail/2025-12-17/writtens/dbsect_61,2025-12-17,2025,Climate,reply_not_received,False,False,0,1,0,Electricity Grid,https://data.oireachtas.ie/akn/ie/debateRecord/dail/2025-12-17/writtens/mul@/dbsect_61.xml
WPQG062,https://data.oireachtas.ie/akn/ie/debateRecord/dail/2025-12-18/writtens/dbsect_441,2025-12-18,2025,Education,ministerial_reply_present,False,False,0,1,3233,School Curriculum,https://data.oireachtas.ie/akn/ie/debateRecord/dail/2025-12-18/writtens/mul@/dbsect_441.xml
WPQG063,https://data.oireachtas.ie/akn/ie/debateRecord/dail/2026-01-13/writtens/dbsect_470,2026-01-13,2026,Transport,ministerial_reply_present,True,True,0,1,948,Road Traffic Accidents,https://data.oireachtas.ie/akn/ie/debateRecord/dail/2026-01-13/writtens/mul@/dbsect_470.xml
WPQG064,https://data.oireachtas.ie/akn/ie/debateRecord/dail/2026-01-14/writtens/dbsect_181,2026-01-14,2026,Health,ministerial_reply_present,False,True,0,1,125,Dental Services,https://data.oireachtas.ie/akn/ie/debateRecord/dail/2026-01-14/writtens/mul@/dbsect_181.xml
WPQG065,https://data.oireachtas.ie/akn/ie/debateRecord/dail/2026-01-15/writtens/dbsect_465,2026-01-15,2026,Health,ministerial_reply_present,False,True,0,1,146,Immigration Policy,https://data.oireachtas.ie/akn/ie/debateRecord/dail/2026-01-15/writtens/mul@/dbsect_465.xml
WPQG066,https://data.oireachtas.ie/akn/ie/debateRecord/dail/2026-02-12/writtens/dbsect_207,2026-02-12,2026,Education,ministerial_reply_present,False,False,0,1,5199,School Facilities,https://data.oireachtas.ie/akn/ie/debateRecord/dail/2026-02-12/writtens/mul@/dbsect_207.xml
WPQG067,https://data.oireachtas.ie/akn/ie/debateRecord/dail/2026-02-17/writtens/dbsect_315,2026-02-17,2026,Finance,ministerial_reply_present,True,False,0,1,2226,Banking Sector,https://data.oireachtas.ie/akn/ie/debateRecord/dail/2026-02-17/writtens/mul@/dbsect_315.xml
WPQG068,https://data.oireachtas.ie/akn/ie/debateRecord/dail/2026-02-19/writtens/dbsect_418,2026-02-19,2026,Justice,ministerial_reply_present,False,False,6,1,7340,International Protection,https://data.oireachtas.ie/akn/ie/debateRecord/dail/2026-02-19/writtens/mul@/dbsect_418.xml
WPQG069,https://data.oireachtas.ie/akn/ie/debateRecord/dail/2026-02-24/writtens/dbsect_515,2026-02-24,2026,Social,ministerial_reply_present,False,False,0,1,142,Social Welfare Benefits,https://data.oireachtas.ie/akn/ie/debateRecord/dail/2026-02-24/writtens/mul@/dbsect_515.xml
WPQG070,https://data.oireachtas.ie/akn/ie/debateRecord/dail/2026-02-24/writtens/dbsect_661,2026-02-24,2026,Children,ministerial_reply_present,True,True,0,1,220,Child and Family Agency,https://data.oireachtas.ie/akn/ie/debateRecord/dail/2026-02-24/writtens/mul@/dbsect_661.xml
WPQG071,https://data.oireachtas.ie/akn/ie/debateRecord/dail/2026-03-18/writtens/dbsect_1755,2026-03-18,2026,Health,ministerial_reply_present,False,True,0,1,104,Hospital Staff,https://data.oireachtas.ie/akn/ie/debateRecord/dail/2026-03-18/writtens/mul@/dbsect_1755.xml
WPQG072,https://data.oireachtas.ie/akn/ie/debateRecord/dail/2026-03-24/writtens/dbsect_687,2026-03-24,2026,Health,ministerial_reply_present,False,True,0,1,534,Departmental Correspondence,https://data.oireachtas.ie/akn/ie/debateRecord/dail/2026-03-24/writtens/mul@/dbsect_687.xml
WPQG073,https://data.oireachtas.ie/akn/ie/debateRecord/dail/2026-04-14/writtens/dbsect_1439,2026-04-14,2026,Justice,ministerial_reply_present,True,False,0,2,69,Departmental Funding,https://data.oireachtas.ie/akn/ie/debateRecord/dail/2026-04-14/writtens/mul@/dbsect_1439.xml
WPQG074,https://data.oireachtas.ie/akn/ie/debateRecord/dail/2026-04-14/writtens/dbsect_1661,2026-04-14,2026,Agriculture,ministerial_reply_present,False,True,0,1,208,Grant Payments,https://data.oireachtas.ie/akn/ie/debateRecord/dail/2026-04-14/writtens/mul@/dbsect_1661.xml
WPQG075,https://data.oireachtas.ie/akn/ie/debateRecord/dail/2026-04-14/writtens/dbsect_2583,2026-04-14,2026,Health,reply_not_received,False,False,0,1,0,Health Services,https://data.oireachtas.ie/akn/ie/debateRecord/dail/2026-04-14/writtens/mul@/dbsect_2583.xml
WPQG076,https://data.oireachtas.ie/akn/ie/debateRecord/dail/2026-04-21/writtens/dbsect_711,2026-04-21,2026,Health,ministerial_reply_present,False,True,0,1,136,Disability Issues,https://data.oireachtas.ie/akn/ie/debateRecord/dail/2026-04-21/writtens/mul@/dbsect_711.xml
WPQG077,https://data.oireachtas.ie/akn/ie/debateRecord/dail/2026-04-22/writtens/dbsect_173,2026-04-22,2026,Agriculture,unresolved_structure,False,False,0,1,0,Forestry Sector,https://data.oireachtas.ie/akn/ie/debateRecord/dail/2026-04-22/writtens/mul@/dbsect_173.xml
WPQG078,https://data.oireachtas.ie/akn/ie/debateRecord/dail/2026-04-28/writtens/dbsect_594,2026-04-28,2026,Justice,ministerial_reply_present,True,False,0,3,5979,Family Law Cases,https://data.oireachtas.ie/akn/ie/debateRecord/dail/2026-04-28/writtens/mul@/dbsect_594.xml
WPQG079,https://data.oireachtas.ie/akn/ie/debateRecord/dail/2026-05-06/writtens/dbsect_685,2026-05-06,2026,Health,ministerial_reply_present,False,True,0,1,146,Health Service Executive,https://data.oireachtas.ie/akn/ie/debateRecord/dail/2026-05-06/writtens/mul@/dbsect_685.xml
WPQG080,https://data.oireachtas.ie/akn/ie/debateRecord/dail/2026-05-06/writtens/dbsect_698,2026-05-06,2026,Health,ministerial_reply_present,False,True,0,1,136,Departmental Data,https://data.oireachtas.ie/akn/ie/debateRecord/dail/2026-05-06/writtens/mul@/dbsect_698.xml
WPQG081,https://data.oireachtas.ie/akn/ie/debateRecord/dail/2026-05-06/writtens/dbsect_848,2026-05-06,2026,Health,ministerial_reply_present,False,True,0,1,145,Departmental Data,https://data.oireachtas.ie/akn/ie/debateRecord/dail/2026-05-06/writtens/mul@/dbsect_848.xml
WPQG082,https://data.oireachtas.ie/akn/ie/debateRecord/dail/2026-05-12/writtens/dbsect_191,2026-05-12,2026,Transport,ministerial_reply_present,True,True,0,1,927,Traffic Management,https://data.oireachtas.ie/akn/ie/debateRecord/dail/2026-05-12/writtens/mul@/dbsect_191.xml
WPQG083,https://data.oireachtas.ie/akn/ie/debateRecord/dail/2026-05-12/writtens/dbsect_337,2026-05-12,2026,Enterprise,unresolved_structure,False,False,0,1,0,Departmental Bodies,https://data.oireachtas.ie/akn/ie/debateRecord/dail/2026-05-12/writtens/mul@/dbsect_337.xml
WPQG084,https://data.oireachtas.ie/akn/ie/debateRecord/dail/2026-05-12/writtens/dbsect_697,2026-05-12,2026,Children,ministerial_reply_present,False,False,0,1,4544,Childcare Services,https://data.oireachtas.ie/akn/ie/debateRecord/dail/2026-05-12/writtens/mul@/dbsect_697.xml
WPQG085,https://data.oireachtas.ie/akn/ie/debateRecord/dail/2026-05-14/writtens/dbsect_454,2026-05-14,2026,Health,ministerial_reply_present,True,True,0,13,243,National Treatment Purchase Fund,https://data.oireachtas.ie/akn/ie/debateRecord/dail/2026-05-14/writtens/mul@/dbsect_454.xml
WPQG086,https://data.oireachtas.ie/akn/ie/debateRecord/dail/2026-05-19/writtens/dbsect_403,2026-05-19,2026,Housing,ministerial_reply_present,True,False,0,1,1443,Departmental Bodies,https://data.oireachtas.ie/akn/ie/debateRecord/dail/2026-05-19/writtens/mul@/dbsect_403.xml
WPQG087,https://data.oireachtas.ie/akn/ie/debateRecord/dail/2026-05-26/writtens/dbsect_1064,2026-05-26,2026,Health,ministerial_reply_present,False,False,0,1,105,Health Promotion,https://data.oireachtas.ie/akn/ie/debateRecord/dail/2026-05-26/writtens/mul@/dbsect_1064.xml
WPQG088,https://data.oireachtas.ie/akn/ie/debateRecord/dail/2026-05-28/writtens/dbsect_569,2026-05-28,2026,Health,reply_not_received,True,False,0,1,0,Healthcare Policy,https://data.oireachtas.ie/akn/ie/debateRecord/dail/2026-05-28/writtens/mul@/dbsect_569.xml
WPQG089,https://data.oireachtas.ie/akn/ie/debateRecord/dail/2026-06-09/writtens/dbsect_51,2026-06-09,2026,Defence,ministerial_reply_present,False,False,0,1,3515,Defence Forces,https://data.oireachtas.ie/akn/ie/debateRecord/dail/2026-06-09/writtens/mul@/dbsect_51.xml
WPQG090,https://data.oireachtas.ie/akn/ie/debateRecord/dail/2026-06-16/writtens/dbsect_227,2026-06-16,2026,Transport,ministerial_reply_present,False,True,0,1,644,Greenways Provision,https://data.oireachtas.ie/akn/ie/debateRecord/dail/2026-06-16/writtens/mul@/dbsect_227.xml
WPQG091,https://data.oireachtas.ie/akn/ie/debateRecord/dail/2026-06-18/writtens/dbsect_496,2026-06-18,2026,Health,ministerial_reply_present,False,True,0,1,136,Dental Services,https://data.oireachtas.ie/akn/ie/debateRecord/dail/2026-06-18/writtens/mul@/dbsect_496.xml
WPQG092,https://data.oireachtas.ie/akn/ie/debateRecord/dail/2026-06-23/writtens/dbsect_170,2026-06-23,2026,Defence,ministerial_reply_present,False,False,1,1,1485,Departmental Expenditure,https://data.oireachtas.ie/akn/ie/debateRecord/dail/2026-06-23/writtens/mul@/dbsect_170.xml
WPQG093,https://data.oireachtas.ie/akn/ie/debateRecord/dail/2026-06-23/writtens/dbsect_617,2026-06-23,2026,Health,reply_not_received,False,False,0,1,0,Health Services,https://data.oireachtas.ie/akn/ie/debateRecord/dail/2026-06-23/writtens/mul@/dbsect_617.xml
WPQG094,https://data.oireachtas.ie/akn/ie/debateRecord/dail/2026-06-30/writtens/dbsect_571,2026-06-30,2026,Health,ministerial_reply_present,False,True,0,1,146,Hospital Staff,https://data.oireachtas.ie/akn/ie/debateRecord/dail/2026-06-30/writtens/mul@/dbsect_571.xml
WPQG095,https://data.oireachtas.ie/akn/ie/debateRecord/dail/2026-07-07/writtens/dbsect_118,2026-07-07,2026,Foreign,ministerial_reply_present,True,False,1,1,2405,International Relations,https://data.oireachtas.ie/akn/ie/debateRecord/dail/2026-07-07/writtens/mul@/dbsect_118.xml
WPQG096,https://data.oireachtas.ie/akn/ie/debateRecord/dail/2026-07-07/writtens/dbsect_242,2026-07-07,2026,Finance,ministerial_reply_present,False,False,0,1,1934,Tax Code,https://data.oireachtas.ie/akn/ie/debateRecord/dail/2026-07-07/writtens/mul@/dbsect_242.xml
WPQG097,https://data.oireachtas.ie/akn/ie/debateRecord/dail/2026-07-07/writtens/dbsect_344,2026-07-07,2026,Education,ministerial_reply_present,True,False,0,2,2068,School Admissions,https://data.oireachtas.ie/akn/ie/debateRecord/dail/2026-07-07/writtens/mul@/dbsect_344.xml
WPQG098,https://data.oireachtas.ie/akn/ie/debateRecord/dail/2026-07-14/writtens/dbsect_305,2026-07-14,2026,Education,ministerial_reply_present,False,False,0,1,3203,School Staff,https://data.oireachtas.ie/akn/ie/debateRecord/dail/2026-07-14/writtens/mul@/dbsect_305.xml
WPQG099,https://data.oireachtas.ie/akn/ie/debateRecord/dail/2026-07-28/writtens/dbsect_1347,2026-07-28,2026,Housing,ministerial_reply_present,True,False,0,2,5291,Rental Sector,https://data.oireachtas.ie/akn/ie/debateRecord/dail/2026-07-28/writtens/mul@/dbsect_1347.xml
WPQG100,https://data.oireachtas.ie/akn/ie/debateRecord/dail/2026-07-28/writtens/dbsect_1688,2026-07-28,2026,Social,ministerial_reply_present,False,False,1,1,1940,Social Welfare Code,https://data.oireachtas.ie/akn/ie/debateRecord/dail/2026-07-28/writtens/mul@/dbsect_1688.xml
