review_id,debate_section_id,question_id,question_no,question_date,asked_by_name,to_minister_or_department,question_text,human_topic_tags_json,human_question_intents_json,human_missing_topic_notes,reviewer_notes
WPQG002,https://data.oireachtas.ie/akn/ie/debateRecord/dail/2025-01-22/writtens/dbsect_100,https://data.oireachtas.ie/ie/oireachtas/question/2025-01-22/pq_103,103,2025-01-22,Aindrias Moynihan,Environment,"103. Deputy Aindrias Moynihan asked the Minister for the Environment, Climate and Communications if solar farm developers receive grants or subsidies to develop solar farms; if the electricity they generate on solar farms is subsidised; and if he will make a statement on the matter. [1716/25]",,,,
WPQG003,https://data.oireachtas.ie/akn/ie/debateRecord/dail/2025-01-22/writtens/dbsect_1000,https://data.oireachtas.ie/ie/oireachtas/question/2025-01-22/pq_1069,1069,2025-01-22,Michael Fitzmaurice,Agriculture,"1069. Deputy Michael Fitzmaurice asked the Minister for Agriculture, Food and the Marine the number of civil servants in his Department, and in agencies under the aegis of his Department, who were on career break in 2023 or 2024, by month and grade, and by length of career break; the number of civil servants in his Department and in agencies under the aegis of his Department who were on career break for longer than five years or longer than six years in 2023 or 2024, by month, grade, and length of career break, in tabular form; and if he will make a statement on the matter. [46184/24]",,,,
WPQG004,https://data.oireachtas.ie/akn/ie/debateRecord/dail/2025-01-22/writtens/dbsect_1058,https://data.oireachtas.ie/ie/oireachtas/question/2025-01-22/pq_1127,1127,2025-01-22,Mattie McGrath,Children,"1127. Deputy Mattie McGrath asked the Minister for Children, Equality, Disability, Integration and Youth the total cost of the rapid-build homes at Haywood Road, Clonmel, County Tipperary; and if he will make a statement on the matter. [1695/25]",,,,
WPQG005,https://data.oireachtas.ie/akn/ie/debateRecord/dail/2025-01-22/writtens/dbsect_110,https://data.oireachtas.ie/ie/oireachtas/question/2025-01-22/pq_113,113,2025-01-22,Michael Fitzmaurice,Defence,"113. Deputy Michael Fitzmaurice asked the Tánaiste and Minister for Defence the number of civil servants in his Department, and in agencies under the aegis of his Department, who were on career break in 2023 or 2024, by month and grade, and by length of career break; the number of civil servants in his Department and in agencies under the aegis of his Department who were on career break for longer than five years or longer than six years in 2023 or 2024, by month, grade, and length of career break, in tabular form; and if he will make a statement on the matter. [46186/24]",,,,
WPQG006,https://data.oireachtas.ie/akn/ie/debateRecord/dail/2025-01-22/writtens/dbsect_1214,https://data.oireachtas.ie/ie/oireachtas/question/2025-01-22/pq_1295,1295,2025-01-22,Paul Lawless,Health,"1295. Deputy Paul Lawless asked the Minister for Health the total number of people currently waiting for speech and language therapy in Mayo; the number who have been waiting three months, six months, one year and two years, in tabular form; and if he will make a statement on the matter. [1444/25]",,,,
WPQG007,https://data.oireachtas.ie/akn/ie/debateRecord/dail/2025-01-22/writtens/dbsect_134,https://data.oireachtas.ie/ie/oireachtas/question/2025-01-22/pq_137,137,2025-01-22,Barry Ward,Transport,"137. Deputy Barry Ward asked the Minister for Transport if he will increase the roll out of ""average speed zones"" on national roads; and if he will make a statement on the matter. [1825/25]",,,,
WPQG009,https://data.oireachtas.ie/akn/ie/debateRecord/dail/2025-01-22/writtens/dbsect_16,https://data.oireachtas.ie/ie/oireachtas/question/2025-01-22/pq_15,15,2025-01-22,Michael Fitzmaurice,Foreign,"15. Deputy Michael Fitzmaurice asked the Tánaiste and Minister for Foreign Affairs the number of civil servants in his Department, and in agencies under the aegis of his Department, who were on career break in 2023 or 2024, by month and grade, and by length of career break; the number of civil servants in his/her Department and in agencies under the aegis of his Department who were on career break for longer than five years or longer than six years in 2023 or 2024, by month, grade, and length of career break, in tabular form; and if he will make a statement on the matter. [46191/24]",,,,
WPQG009,https://data.oireachtas.ie/akn/ie/debateRecord/dail/2025-01-22/writtens/dbsect_16,https://data.oireachtas.ie/ie/oireachtas/question/2025-01-22/pq_17,17,2025-01-22,Michael Fitzmaurice,Foreign,"17. Deputy Michael Fitzmaurice asked the Tánaiste and Minister for Foreign Affairs to provide an assurance that no civil servant has had their career break extended beyond five years where there is a suitable vacancy in their home Department or agency; to provide an assurance that, where a civil servant has had their career break extended beyond five years on account of there being no suitable vacancy in their home Department or agency, that they have been placed on a redeployment panel; to provide an assurance that, where a civil servant has had their career break extended beyond six years, that consideration has been given to facilitating them on a supernumerary basis; and if he will make a statement on the matter. [46227/24]",,,,
WPQG008,https://data.oireachtas.ie/akn/ie/debateRecord/dail/2025-01-22/writtens/dbsect_1598,https://data.oireachtas.ie/ie/oireachtas/question/2025-01-22/pq_1691,1691,2025-01-22,Michael Fitzmaurice,Further and Higher Education,"1691. Deputy Michael Fitzmaurice asked the Minister for Further and Higher Education, Research, Innovation and Science the number of civil servants in his Department, and in agencies under the aegis of his Department, who were on career break in 2023 or 2024, by month and grade, and by length of career break; the number of civil servants in his Department and in agencies under the aegis of his Department who were on career break for longer than five years or longer than six years in 2023 or 2024, by month, grade, and length of career break, in tabular form; and if he will make a statement on the matter. [46192/24]",,,,
WPQG010,https://data.oireachtas.ie/akn/ie/debateRecord/dail/2025-01-22/writtens/dbsect_1645,https://data.oireachtas.ie/ie/oireachtas/question/2025-01-22/pq_1737,1737,2025-01-22,Michael Fitzmaurice,Rural,"1737. Deputy Michael Fitzmaurice asked the Minister for Rural and Community Development the number of civil servants in her Department, and in agencies under the aegis of her Department, who were on career break in 2023 or 2024, by month and grade, and by length of career break; the number of civil servants in her Department and in agencies under the aegis of her Department who were on career break for longer than five years or longer than six years in 2023 or 2024, by month, grade, and length of career break, in tabular form; and if she will make a statement on the matter. [46197/24]",,,,
WPQG011,https://data.oireachtas.ie/akn/ie/debateRecord/dail/2025-01-22/writtens/dbsect_312,https://data.oireachtas.ie/ie/oireachtas/question/2025-01-22/pq_317,317,2025-01-22,Barry Ward,Finance,317. Deputy Barry Ward asked the Minister for Finance if he will give consideration to a tax incentive for new gardaí to support recruitment efforts.  [1822/25],,,,
WPQG012,https://data.oireachtas.ie/akn/ie/debateRecord/dail/2025-01-22/writtens/dbsect_350,https://data.oireachtas.ie/ie/oireachtas/question/2025-01-22/pq_357,357,2025-01-22,John Connolly,Public Expenditure,"357. Deputy John Connolly asked the Minister for Public Expenditure, National Development Plan Delivery and Reform if discussions with the respective landowner regarding the acquisition of a site, for the development of the Cleggan Coast Guard station have concluded; and if he will make a statement on the matter. [1509/25]",,,,
WPQG013,https://data.oireachtas.ie/akn/ie/debateRecord/dail/2025-01-22/writtens/dbsect_406,https://data.oireachtas.ie/ie/oireachtas/question/2025-01-22/pq_413,413,2025-01-22,Pa Daly,Enterprise,413. Deputy Pa Daly asked the Minister for Enterprise; Trade and Employment the measures the incoming Government plans to introduce to regulate the use of artificial intelligence; and if he will make a statement on the matter. [1739/25],,,,
WPQG014,https://data.oireachtas.ie/akn/ie/debateRecord/dail/2025-01-22/writtens/dbsect_447,https://data.oireachtas.ie/ie/oireachtas/question/2025-01-22/pq_463,463,2025-01-22,Barry Ward,Education,"463. Deputy Barry Ward asked the Minister for Education if she will increase provision to improve Gaeloideachas, including possible tax incentives for teachers who teach through Irish only in all-Irish medium schools; and if she will make a statement on the matter. [2013/25]",,,,
WPQG015,https://data.oireachtas.ie/akn/ie/debateRecord/dail/2025-01-22/writtens/dbsect_638,https://data.oireachtas.ie/ie/oireachtas/question/2025-01-22/pq_666,666,2025-01-22,Pa Daly,Education,666. Deputy Pa Daly asked the Minister for Education the number of school transport places available in Kerry in each of the years 2019 to date; and if she will make a statement on the matter. [1999/25],,,,
WPQG016,https://data.oireachtas.ie/akn/ie/debateRecord/dail/2025-01-22/writtens/dbsect_651,https://data.oireachtas.ie/ie/oireachtas/question/2025-01-22/pq_677,677,2025-01-22,Holly Cairns,Tourism,"677. Deputy Holly Cairns asked the Minister for Tourism, Culture, Arts, Gaeltacht, Sport and Media the current number of registered short-term lets (details supplied), by local area, in tabular form. [1962/25]",,,,
WPQG017,https://data.oireachtas.ie/akn/ie/debateRecord/dail/2025-01-22/writtens/dbsect_679,https://data.oireachtas.ie/ie/oireachtas/question/2025-01-22/pq_706,706,2025-01-22,Michael Fitzmaurice,Housing,"706. Deputy Michael Fitzmaurice asked the Minister for Housing, Local Government and Heritage the number of civil servants in his Department, and in agencies under the aegis of his Department, who were on career break in 2023 or 2024, by month and grade, and by length of career break; the number of civil servants in his Department and in agencies under the aegis of his Department who were on career break for longer than five years or longer than six years in 2023 or 2024, by month, grade, and length of career break, in tabular form; and if he will make a statement on the matter. [46194/24]",,,,
WPQG017,https://data.oireachtas.ie/akn/ie/debateRecord/dail/2025-01-22/writtens/dbsect_679,https://data.oireachtas.ie/ie/oireachtas/question/2025-01-22/pq_708,708,2025-01-22,Michael Fitzmaurice,Housing,"708. Deputy Michael Fitzmaurice asked the Minister for Housing, Local Government and Heritage to provide an assurance that no civil servant has had their career break extended beyond five years where there is a suitable vacancy in their home Department or agency; that, where a civil servant has had their career break extended beyond five years on account of there being no suitable vacancy in their home Department or agency, that they have been placed on a redeployment panel; that, where a civil servant has had their career break extended beyond six years, consideration has been given to facilitating them on a supernumerary basis; and if he will make a statement on the matter. [46230/24]",,,,
WPQG018,https://data.oireachtas.ie/akn/ie/debateRecord/dail/2025-01-22/writtens/dbsect_785,https://data.oireachtas.ie/ie/oireachtas/question/2025-01-22/pq_838,838,2025-01-22,Mairéad Farrell,Social,"838. Deputy Mairéad Farrell asked the Minister for Social Protection the average waiting times for applications for disability allowance, carer's allowance and appeals; the work her Department has undertaken to reduce these waiting times; and if she will make a statement on the matter. [46176/24]",,,,
WPQG001,https://data.oireachtas.ie/akn/ie/debateRecord/dail/2025-01-22/writtens/dbsect_10,https://data.oireachtas.ie/ie/oireachtas/question/2025-01-22/pq_9,9,2025-01-22,Carol Nolan,Taoiseach,"9. Deputy Carol Nolan asked the Taoiseach to provide details of all projects, including research projects, funded to date by his Department’s shared island initiative. [1529/25]",,,,
WPQG019,https://data.oireachtas.ie/akn/ie/debateRecord/dail/2025-01-22/writtens/dbsect_853,https://data.oireachtas.ie/ie/oireachtas/question/2025-01-22/pq_911,911,2025-01-22,Mairéad Farrell,Justice,911. Deputy Mairéad Farrell asked the Minister for Justice if she has been made aware of access issues with the new online immigration application system; if there are plans to address these issues; and if in-person appointments will be re-instated for those who cannot use the online system. [46177/24],,,,
WPQG020,https://data.oireachtas.ie/akn/ie/debateRecord/dail/2025-02-05/writtens/dbsect_1008,https://data.oireachtas.ie/ie/oireachtas/question/2025-02-05/pq_1103,1103,2025-02-05,Gary Gannon,Health,"1103. Deputy Gary Gannon asked the Minister for Health the measures she will take to ensure that preventative healthcare services, such as sufficient provision of public health nurses, are adequately resourced to safeguard the health and well-being of children and families in the future. [2411/25]",,,,
WPQG021,https://data.oireachtas.ie/akn/ie/debateRecord/dail/2025-02-05/writtens/dbsect_1238,https://data.oireachtas.ie/ie/oireachtas/question/2025-02-05/pq_1332,1332,2025-02-05,David Cullinane,Health,"1332. Deputy David Cullinane asked the Minister for Health the number of assaults recorded against patients at HSE facilities for each January and December for each of the years 2019 to 2025, in tabular form. [3489/25]",,,,
WPQG022,https://data.oireachtas.ie/akn/ie/debateRecord/dail/2025-02-25/writtens/dbsect_666,https://data.oireachtas.ie/ie/oireachtas/question/2025-02-25/pq_799,799,2025-02-25,James O'Connor,Children,"799. Deputy James O'Connor asked the Minister for Children, Equality, Disability, Integration and Youth the meetings that took place between the departmental unit with responsibility for IPAS and BOTP contracts and the company in ownership of the IPAS centre at a location (details supplied); if the schedule of these meetings and all correspondence between the operator and the integration unit of the Department of Justice in relation to IPAS accommodation and BOTP accommodation at the same location will be provided; and if she will make a statement on the matter. [7928/25]",,,,
WPQG023,https://data.oireachtas.ie/akn/ie/debateRecord/dail/2025-03-04/writtens/dbsect_450,https://data.oireachtas.ie/ie/oireachtas/question/2025-03-04/pq_537,537,2025-03-04,Matt Carthy,Justice,537. Deputy Matt Carthy asked the Minister for Justice the units and divisions that operate within his Department; the bodies under its aegis; the contact information of each; and if he will make a statement on the matter. [9773/25],,,,
WPQG024,https://data.oireachtas.ie/akn/ie/debateRecord/dail/2025-03-05/writtens/dbsect_215,https://data.oireachtas.ie/ie/oireachtas/question/2025-03-05/pq_208,208,2025-03-05,Claire Kerrane,Health,208. Deputy Claire Kerrane asked the Minister for Health if she intends to increase the number of rounds of IVF for couples without children; and if she will make a statement on the matter. [10136/25],,,,
WPQG026,https://data.oireachtas.ie/akn/ie/debateRecord/dail/2025-03-19/writtens/dbsect_891,https://data.oireachtas.ie/ie/oireachtas/question/2025-03-19/pq_1094,1094,2025-03-19,Fionntán Ó Súilleabháin,Justice,"1094. Deputy Fionntán Ó Súilleabháin asked the Minister for Justice the total cost for the fixed speed camera on the R772 to date, providing a full breakdown of costs including installation fee, materials, and so on; and if he will make a statement on the matter. [10690/25]",,,,
WPQG025,https://data.oireachtas.ie/akn/ie/debateRecord/dail/2025-03-19/writtens/dbsect_1528,https://data.oireachtas.ie/ie/oireachtas/question/2025-03-19/pq_1788,1788,2025-03-19,Paul Murphy,Health,"1788. Deputy Paul Murphy asked the Minister for Health if she is aware of the understaffing in the healthcare system, specifically in terms of mental-health support, leaving some waiting for services for extended periods of time; if she will instruct her Department to address this issue; and if she will make a statement on the matter. [12035/25]",,,,
WPQG027,https://data.oireachtas.ie/akn/ie/debateRecord/dail/2025-03-25/writtens/dbsect_431,https://data.oireachtas.ie/ie/oireachtas/question/2025-03-25/pq_644,644,2025-03-25,Claire Kerrane,Children,"644. Deputy Claire Kerrane asked the Minister for Children, Equality, Disability, Integration and Youth the supports to be provided to alleviate the financial and administrative burden the regulatory notice for school age services, issued on the 7 February 2025, places on service providers, especially school based school-aged childcare services; and if she will make a statement on the matter. [13396/25]",,,,
WPQG027,https://data.oireachtas.ie/akn/ie/debateRecord/dail/2025-03-25/writtens/dbsect_431,https://data.oireachtas.ie/ie/oireachtas/question/2025-03-25/pq_645,645,2025-03-25,Claire Kerrane,Children,"645. Deputy Claire Kerrane asked the Minister for Children, Equality, Disability, Integration and Youth if she is aware that children who start school at 4 years-of-age are permitted to attend in the 1:12 ratio, whereas children who may be 5.5 years-of-age who have not started school will not be permitted to attend at all without an early learning and care registration and a 1:8 ratio; if she will consider dropping the school-aged childcare (SAC services) ratio to 1:8 for children under 6 years-of-age, permitting children who have completed their ECCE programme to move in to SAC services for the eight weeks of the summer holidays; and if she will make a statement on the matter. [13397/25]",,,,
WPQG028,https://data.oireachtas.ie/akn/ie/debateRecord/dail/2025-04-01/writtens/dbsect_536,https://data.oireachtas.ie/ie/oireachtas/question/2025-04-01/pq_668,668,2025-04-01,Peadar Tóibín,Children,"668. Deputy Peadar Tóibín asked the Minister for Children, Equality, Disability, Integration and Youth if she will outline Tusla’s separation policy in instances where multiple siblings from a family are in State care in separate foster or residential placements; and specifically, if she will detail what steps it takes to ensure that biological siblings in different placements have access to one another, or access to their birth mother or father at the same time as one another; and if she will make a statement on the matter. [15642/25]",,,,
WPQG029,https://data.oireachtas.ie/akn/ie/debateRecord/dail/2025-04-01/writtens/dbsect_689,https://data.oireachtas.ie/ie/oireachtas/question/2025-04-01/pq_820,820,2025-04-01,Pádraig Rice,Health,820. Deputy Pádraig Rice asked the Minister for Health the basis for the HSE’s current definition of perinatal mortality rate for the purposes of inclusion on maternity patient safety statements (details supplied); the body that agreed this definition; the reason for this limited definition; and if she will make a statement on the matter. [15769/25],,,,
WPQG030,https://data.oireachtas.ie/akn/ie/debateRecord/dail/2025-04-08/writtens/dbsect_893,https://data.oireachtas.ie/ie/oireachtas/question/2025-04-08/pq_1014,1014,2025-04-08,Pádraig Rice,Health,"1014. Deputy Pádraig Rice asked the Minister for Health the number of persons on a waiting list for a mammogram, by site, wait time and referral type (details supplied), in tabular form. [17508/25]",,,,
WPQG031,https://data.oireachtas.ie/akn/ie/debateRecord/dail/2025-04-29/writtens/dbsect_1391,https://data.oireachtas.ie/ie/oireachtas/question/2025-04-29/pq_1610,1610,2025-04-29,Conor Sheehan,Justice,"1610. Deputy Conor Sheehan asked the Minister for Justice the names of projects within Limerick Garda division that received funding under Community Safety Innovation Fund in 2024; and he amount received per project, in tabular form. [20251/25]",,,,
WPQG032,https://data.oireachtas.ie/akn/ie/debateRecord/dail/2025-04-29/writtens/dbsect_1547,https://data.oireachtas.ie/ie/oireachtas/question/2025-04-29/pq_1788,1788,2025-04-29,Matt Carthy,Children,"1788. Deputy Matt Carthy asked the Minister for Children, Equality, Disability, Integration and Youth the mechanism by which a person can seek to avail of mechanisms of the Decision Support Service in emergency circumstances; and if she will make a statement on the matter. [18579/25]",,,,
WPQG032,https://data.oireachtas.ie/akn/ie/debateRecord/dail/2025-04-29/writtens/dbsect_1547,https://data.oireachtas.ie/ie/oireachtas/question/2025-04-29/pq_1789,1789,2025-04-29,Matt Carthy,Children,"1789. Deputy Matt Carthy asked the Minister for Children, Equality, Disability, Integration and Youth the targeted average processing time for decision support arrangements and enduring powers of attorney activated via the Decision Support Service; the average processing time in the years 2023 to date, by year, in tabular form; and if she will make a statement on the matter. [18580/25]",,,,
WPQG032,https://data.oireachtas.ie/akn/ie/debateRecord/dail/2025-04-29/writtens/dbsect_1547,https://data.oireachtas.ie/ie/oireachtas/question/2025-04-29/pq_1790,1790,2025-04-29,Matt Carthy,Children,"1790. Deputy Matt Carthy asked the Minister for Children, Equality, Disability, Integration and Youth the options open to a person looking to avail of the services of the Decision Support Service to whom online services are not practically available; and if she will make a statement on the matter. [18582/25]",,,,
WPQG033,https://data.oireachtas.ie/akn/ie/debateRecord/dail/2025-04-29/writtens/dbsect_544,https://data.oireachtas.ie/ie/oireachtas/question/2025-04-29/pq_630,630,2025-04-29,Catherine Ardagh,Public Expenditure,"630. Deputy Catherine Ardagh asked the Minister for Public Expenditure, National Development Plan Delivery and Reform the total number of vacant OPW-owned buildings in County Kildare on 1 April in the years 2023 and 2024, in tabular form; and if he will make a statement on the matter. [19055/25]",,,,
WPQG034,https://data.oireachtas.ie/akn/ie/debateRecord/dail/2025-05-07/writtens/dbsect_432,https://data.oireachtas.ie/ie/oireachtas/question/2025-05-07/pq_441,441,2025-05-07,Joe Cooney,Health,"441. Deputy Joe Cooney asked the Minister for Health the total number of nursing home beds in county Clare in 2022, 2023, 2024; broken down by HSE provided, HSE funded under sections 38 and 39 of the Health Act 2004, and privately provided, in tabular form.’ [22171/25]",,,,
WPQG035,https://data.oireachtas.ie/akn/ie/debateRecord/dail/2025-05-20/writtens/dbsect_599,https://data.oireachtas.ie/ie/oireachtas/question/2025-05-20/pq_740,740,2025-05-20,Pádraig Rice,Agriculture,"740. Deputy Pádraig Rice asked the Minister for Agriculture, Food and the Marine if his attention has been drawn to the mistreatment of horses in Clonmel, County Tipperary (details supplied); the steps he is taking to ensure that those who are responsible for this cruelty are held accountable; and if he will make a statement on the matter. [25943/25]",,,,
WPQG036,https://data.oireachtas.ie/akn/ie/debateRecord/dail/2025-05-28/writtens/dbsect_339,https://data.oireachtas.ie/ie/oireachtas/question/2025-05-28/pq_368,368,2025-05-28,Ken O'Flynn,Health,"368. Deputy Ken O'Flynn asked the Minister for Health if she will consider approving coverage for a type of treatment (details supplied) as a matter of urgency, given the potentially life-saving impact; whether she intends to provide funding for vyloy through the HSE, or under the medical card scheme, for cases where it is clinically indicated; and if she will make a statement on the matter. [27783/25]",,,,
WPQG039,https://data.oireachtas.ie/akn/ie/debateRecord/dail/2025-06-10/writtens/dbsect_1198,https://data.oireachtas.ie/ie/oireachtas/question/2025-06-10/pq_1375,1375,2025-06-10,Joe Cooney,Health,"1375. Deputy Joe Cooney asked the Minister for Health the number of WTE consultants in emergency medicine based at the Mater University Hospital, Tallaght University Hospital, Beaumont Hospital, St. James’s Hospital, St. Vincent’s Hospital, University Hospital Galway, Cork University Hospital and University Hospital Waterford, in the years of 2023, 2024 and to date in 2025, in tabular form. [29431/25]",,,,
WPQG037,https://data.oireachtas.ie/akn/ie/debateRecord/dail/2025-06-10/writtens/dbsect_100,https://data.oireachtas.ie/ie/oireachtas/question/2025-06-10/pq_158,158,2025-06-10,Barry Heneghan,Climate,"158. Deputy Barry Heneghan asked the Minister for Climate, Energy and the Environment the current status of legislative and regulatory measures aimed at enabling private wire connections between renewable energy generators and end-users; if he will detail any interdepartmental workstreams or stakeholder consultations that have taken place since the last update to Dail Éireann; the indicative timeline for implementation, given the urgency of improving grid access for renewable energy projects that are essential to meeting Ireland’s climate and housing targets; and if he will make a statement on the matter. [30260/25]",,,,
WPQG038,https://data.oireachtas.ie/akn/ie/debateRecord/dail/2025-06-10/writtens/dbsect_115,https://data.oireachtas.ie/ie/oireachtas/question/2025-06-10/pq_175,175,2025-06-10,Paul Donnelly,Foreign,175. Deputy Paul Donnelly asked the Tánaiste and Minister for Foreign Affairs and Trade the up-to-date position regarding the free-trade agreement between the EU and Qatar. [29170/25],,,,
WPQG038,https://data.oireachtas.ie/akn/ie/debateRecord/dail/2025-06-10/writtens/dbsect_115,https://data.oireachtas.ie/ie/oireachtas/question/2025-06-10/pq_177,177,2025-06-10,Paul Donnelly,Foreign,177. Deputy Paul Donnelly asked the Tánaiste and Minister for Foreign Affairs and Trade the up-to-date position regarding the free-trade agreement between the EU and Saudi Arabia. [29172/25],,,,
WPQG040,https://data.oireachtas.ie/akn/ie/debateRecord/dail/2025-06-10/writtens/dbsect_595,https://data.oireachtas.ie/ie/oireachtas/question/2025-06-10/pq_696,696,2025-06-10,Richard Boyd Barrett,Culture,"696. Deputy Richard Boyd Barrett asked the Minister for Culture, Communications and Sport if he is aware that many rural and urban postmasters are reporting that their post offices are under threat of closure due to inadequate funding (details supplied); if he will assure postmasters that he will agree to their union’s demands for increased funding to secure the future of post offices and the employees who work in them; and if he will make a statement on the matter. [30168/25]",,,,
WPQG040,https://data.oireachtas.ie/akn/ie/debateRecord/dail/2025-06-10/writtens/dbsect_595,https://data.oireachtas.ie/ie/oireachtas/question/2025-06-10/pq_697,697,2025-06-10,Eoin Ó Broin,Culture,"697. Deputy Eoin Ó Broin asked the Minister for Culture, Communications and Sport if he is aware of the volume of postmaster’s struggling to keep post offices open due to lack of funding; if any action is being considered or is underway in order to sustain the An Post network given the funding issues present; and if he will make a statement on the matter. [30686/25]",,,,
WPQG040,https://data.oireachtas.ie/akn/ie/debateRecord/dail/2025-06-10/writtens/dbsect_595,https://data.oireachtas.ie/ie/oireachtas/question/2025-06-10/pq_720,720,2025-06-10,Naoise Ó Muirí,Culture,"720. Deputy Naoise Ó Muirí asked the Minister for Culture, Communications and Sport if he will provide an update on the Programme for Government commitment to support the sustainability of post offices; and if he will make a statement on the matter. [30207/25]",,,,
WPQG040,https://data.oireachtas.ie/akn/ie/debateRecord/dail/2025-06-10/writtens/dbsect_595,https://data.oireachtas.ie/ie/oireachtas/question/2025-06-10/pq_725,725,2025-06-10,Cian O'Callaghan,Culture,"725. Deputy Cian O'Callaghan asked the Minister for Culture, Communications and Sport if he will provide assistance to post offices which are financially struggling; if he will examine a case (details supplied) where a postmaster is in financial difficulty; and if he will make a statement on the matter. [30512/25]",,,,
WPQG041,https://data.oireachtas.ie/akn/ie/debateRecord/dail/2025-07-01/writtens/dbsect_378,https://data.oireachtas.ie/ie/oireachtas/question/2025-07-01/pq_403,403,2025-07-01,John Brady,Education,403. Deputy John Brady asked the Minister for Education and Youth to define explicitly what she deems complex needs as per her use of the term in circular 0039/2025 to special schools. [36079/25],,,,
WPQG041,https://data.oireachtas.ie/akn/ie/debateRecord/dail/2025-07-01/writtens/dbsect_378,https://data.oireachtas.ie/ie/oireachtas/question/2025-07-01/pq_411,411,2025-07-01,John Brady,Education,411. Deputy John Brady asked the Minister for Education and Youth who will determine whether a student has MGLD or ‘complex MGLD’ as per her use in the 0039/2025 circular; and if she will make a statement on the matter. [36172/25],,,,
WPQG041,https://data.oireachtas.ie/akn/ie/debateRecord/dail/2025-07-01/writtens/dbsect_378,https://data.oireachtas.ie/ie/oireachtas/question/2025-07-01/pq_412,412,2025-07-01,John Brady,Education,412. Deputy John Brady asked the Minister for Education and Youth the additional supports that will be put in place for students with MGLD who may return to mainstream education under her re-designation of special schools; and if she will make a statement on the matter. [36173/25],,,,
WPQG041,https://data.oireachtas.ie/akn/ie/debateRecord/dail/2025-07-01/writtens/dbsect_378,https://data.oireachtas.ie/ie/oireachtas/question/2025-07-01/pq_413,413,2025-07-01,John Brady,Education,"413. Deputy John Brady asked the Minister for Education and Youth if she will engage directly with teachers, school leaders and families to consult with them meaningfully before further implementation of re-designation of special schools; and if she will make a statement on the matter. [36174/25]",,,,
WPQG042,https://data.oireachtas.ie/akn/ie/debateRecord/dail/2025-07-08/writtens/dbsect_141,https://data.oireachtas.ie/ie/oireachtas/question/2025-07-08/pq_214,214,2025-07-08,Conor D McGuinness,Climate,"214. Deputy Conor D. McGuinness asked the Minister for Climate, Energy and the Environment his expenditure on advertising detailing the objective, duration, media platforms, advertising agency or agencies, and cost of each advertising campaign in each of the years 2015 to 2025. [37026/25]",,,,
WPQG043,https://data.oireachtas.ie/akn/ie/debateRecord/dail/2025-07-08/writtens/dbsect_625,https://data.oireachtas.ie/ie/oireachtas/question/2025-07-08/pq_762,762,2025-07-08,Erin McGreehan,Health,"762. Deputy Erin McGreehan asked the Minister for Health the specific triage measures and protocols in place at Our Lady of Lourdes Hospital, Drogheda, County Louth Emergency Department for people attending due to a mental health crisis. [37133/25]",,,,
WPQG044,https://data.oireachtas.ie/akn/ie/debateRecord/dail/2025-07-29/writtens/dbsect_1556,https://data.oireachtas.ie/ie/oireachtas/question/2025-07-29/pq_1845,1845,2025-07-29,Cathal Crowe,Social,"1845. Deputy Cathal Crowe asked the Minister for Social Protection the number of school children who will be in receipt of hot meals from the start of the next school year, by county, in tabular form; and if he will make a statement on the matter. [43201/25]",,,,
WPQG045,https://data.oireachtas.ie/akn/ie/debateRecord/dail/2025-07-29/writtens/dbsect_2257,https://data.oireachtas.ie/ie/oireachtas/question/2025-07-29/pq_2633,2633,2025-07-29,Barry Heneghan,Health,"2633. Deputy Barry Heneghan asked the Minister for Health the steps being taken to fund and implement the hereditary cancer model of care in Ireland, with particular reference to improving genetic testing and surveillance for those at risk of inherited cancers like pancreatic cancer; and if she will make a statement on the matter. [41153/25]",,,,
WPQG046,https://data.oireachtas.ie/akn/ie/debateRecord/dail/2025-07-29/writtens/dbsect_2756,https://data.oireachtas.ie/ie/oireachtas/question/2025-07-29/pq_3135,3135,2025-07-29,Cormac Devlin,Health,3135. Deputy Cormac Devlin asked the Minister for Health the status of major health capital projects planned under the National Development Plan; whether updated timelines and budget allocations will be published as part of the 2025 review; and if she will make a statement on the matter. [43377/25],,,,
WPQG047,https://data.oireachtas.ie/akn/ie/debateRecord/dail/2025-07-29/writtens/dbsect_2932,https://data.oireachtas.ie/ie/oireachtas/question/2025-07-29/pq_3319,3319,2025-07-29,Grace Boland,Further and Higher Education,"3319. Deputy Grace Boland asked the Minister for Further and Higher Education, Research, Innovation and Science the amount spent on legal fees associated with litigation, advice and settlements in each of the past three years by his Department and agencies under its aegis; and if he will make a statement on the matter. [40881/25]",,,,
WPQG048,https://data.oireachtas.ie/akn/ie/debateRecord/dail/2025-07-29/writtens/dbsect_2978,https://data.oireachtas.ie/ie/oireachtas/question/2025-07-29/pq_3379,3379,2025-07-29,Maeve O'Connell,Further and Higher Education,"3379. Deputy Maeve O'Connell asked the Minister for Further and Higher Education, Research, Innovation and Science to report on the progress made in creating an online career guidance and information portal. [42605/25]",,,,
WPQG048,https://data.oireachtas.ie/akn/ie/debateRecord/dail/2025-07-29/writtens/dbsect_2978,https://data.oireachtas.ie/ie/oireachtas/question/2025-07-29/pq_3380,3380,2025-07-29,Maeve O'Connell,Further and Higher Education,"3380. Deputy Maeve O'Connell asked the Minister for Further and Higher Education, Research, Innovation and Science to report on the progress made in developing sector-specific career guidance and information portals.  [42606/25]",,,,
WPQG049,https://data.oireachtas.ie/akn/ie/debateRecord/dail/2025-07-29/writtens/dbsect_3068,https://data.oireachtas.ie/ie/oireachtas/question/2025-07-29/pq_3479,3479,2025-07-29,Conor D McGuinness,Rural,3479. Deputy Conor D. McGuinness asked the Minister for Rural and Community Development and the Gaeltacht to provide a detailed breakdown of the Our Rural Future actions completed to date and detailed reasons for non-completion of actions. [43626/25],,,,
WPQG049,https://data.oireachtas.ie/akn/ie/debateRecord/dail/2025-07-29/writtens/dbsect_3068,https://data.oireachtas.ie/ie/oireachtas/question/2025-07-29/pq_3480,3480,2025-07-29,Conor D McGuinness,Rural,"3480. Deputy Conor D. McGuinness asked the Minister for Rural and Community Development and the Gaeltacht the number of the actions in Our Rural Future explicitly address the unique needs of Gaeltacht communities, given that Irish-language sustainability was a stated priority; and the reason no dedicated funding stream exists for Gaeltacht-specific rural development under this plan. [43627/25]",,,,
WPQG049,https://data.oireachtas.ie/akn/ie/debateRecord/dail/2025-07-29/writtens/dbsect_3068,https://data.oireachtas.ie/ie/oireachtas/question/2025-07-29/pq_3481,3481,2025-07-29,Conor D McGuinness,Rural,"3481. Deputy Conor D. McGuinness asked the Minister for Rural and Community Development and the Gaeltacht the reason Our Rural Future lacks an independent review process to evaluate its impact, given that the OECD has criticised Ireland for 'monitoring gaps' in rural policy; and if he will commit to a debate in Dáil Éireann on an annual audit of the plan's outcomes. [43628/25]",,,,
WPQG050,https://data.oireachtas.ie/akn/ie/debateRecord/dail/2025-09-08/writtens/dbsect_1299,https://data.oireachtas.ie/ie/oireachtas/question/2025-09-08/pq_1549,1549,2025-09-08,Matt Carthy,Justice,"1549. Deputy Matt Carthy asked the Minister for Justice, Home Affairs and Migration the number in each intake of Gardaí, and the number who attested, in the past three years, in tabular form; and if he will make a statement on the matter. [45395/25]",,,,
WPQG051,https://data.oireachtas.ie/akn/ie/debateRecord/dail/2025-09-17/writtens/dbsect_350,https://data.oireachtas.ie/ie/oireachtas/question/2025-09-17/pq_436,436,2025-09-17,Ruairí Ó Murchú,Education,436. Deputy Ruairí Ó Murchú asked the Minister for Education and Youth her and the Government's engagements and plans to deal with the ongoing strike by school secretaries and caretakers; and if she will make a statement on the matter. [47577/25],,,,
WPQG051,https://data.oireachtas.ie/akn/ie/debateRecord/dail/2025-09-17/writtens/dbsect_350,https://data.oireachtas.ie/ie/oireachtas/question/2025-09-17/pq_459,459,2025-09-17,Eoin Ó Broin,Education,459. Deputy Eoin Ó Broin asked the Minister for Education and Youth if she will meet with a union (details supplied) at the earliest opportunity to discuss the campaign for parity and better working conditions; and if she will make a statement on the matter. [47791/25],,,,
WPQG051,https://data.oireachtas.ie/akn/ie/debateRecord/dail/2025-09-17/writtens/dbsect_350,https://data.oireachtas.ie/ie/oireachtas/question/2025-09-17/pq_460,460,2025-09-17,Danny Healy-Rae,Education,460. Deputy Danny Healy-Rae asked the Minister for Education and Youth the position regarding a matter (details supplied); and if she will make a statement on the matter. [47804/25],,,,
WPQG051,https://data.oireachtas.ie/akn/ie/debateRecord/dail/2025-09-17/writtens/dbsect_350,https://data.oireachtas.ie/ie/oireachtas/question/2025-09-17/pq_475,475,2025-09-17,Danny Healy-Rae,Education,475. Deputy Danny Healy-Rae asked the Minister for Education and Youth for an update on progress in relation to negotiations with school secretaries and caretakers regarding their request for pension parity; and if she will make a statement on the matter. [47971/25],,,,
WPQG052,https://data.oireachtas.ie/akn/ie/debateRecord/dail/2025-09-23/writtens/dbsect_342,https://data.oireachtas.ie/ie/oireachtas/question/2025-09-23/pq_349,349,2025-09-23,Conor Sheehan,Culture,"349. Deputy Conor Sheehan asked the Minister for Culture, Communications and Sport if consideration is being given to adjusting or increasing the grant allocated to players (details supplied) to bring it in line with inflation; and if he will make a statement on the matter. [49695/25]",,,,
WPQG052,https://data.oireachtas.ie/akn/ie/debateRecord/dail/2025-09-23/writtens/dbsect_342,https://data.oireachtas.ie/ie/oireachtas/question/2025-09-23/pq_356,356,2025-09-23,Emer Currie,Culture,"356. Deputy Emer Currie asked the Minister for Culture, Communications and Sport if his Department will consider increasing the player welfare grants available to inter-county GAA players; and if he will make a statement on the matter. [50278/25]",,,,
WPQG052,https://data.oireachtas.ie/akn/ie/debateRecord/dail/2025-09-23/writtens/dbsect_342,https://data.oireachtas.ie/ie/oireachtas/question/2025-09-23/pq_357,357,2025-09-23,Emer Currie,Culture,"357. Deputy Emer Currie asked the Minister for Culture, Communications and Sport the available supports to inter-county GAA players; if he intends increasing the supports available; and if he will make a statement on the matter. [50279/25]",,,,
WPQG052,https://data.oireachtas.ie/akn/ie/debateRecord/dail/2025-09-23/writtens/dbsect_342,https://data.oireachtas.ie/ie/oireachtas/question/2025-09-23/pq_359,359,2025-09-23,Seán Ó Fearghaíl,Culture,"359. Deputy Seán Ó Fearghaíl asked the Minister for Culture, Communications and Sport if he supports the findings of a report (details supplied); the steps he can take to implement the recommendations; and if he will make a statement on the matter. [50373/25]",,,,
WPQG053,https://data.oireachtas.ie/akn/ie/debateRecord/dail/2025-10-08/writtens/dbsect_274,https://data.oireachtas.ie/ie/oireachtas/question/2025-10-08/pq_318,318,2025-10-08,Barry Heneghan,Health,318. Deputy Barry Heneghan asked the Minister for Health the current plans in place to modernise the health system by moving from paper-based patient records to electronic health documentation; the time frame for the roll-out of a national electronic health record system; and if she will make a statement on the matter. [54158/25],,,,
WPQG054,https://data.oireachtas.ie/akn/ie/debateRecord/dail/2025-10-15/writtens/dbsect_313,https://data.oireachtas.ie/ie/oireachtas/question/2025-10-15/pq_324,324,2025-10-15,Micheál Carrigy,Health,324. Deputy Micheál Carrigy asked the Minister for Health if she will urgently review the case of a child (details supplied) in County Longford who requires orthodontic treatment; if she will outline the current waiting times for orthodontic assessment and treatment in the Longford area; and if she will ensure that this case is prioritised given the circumstances and the financial hardship faced by their parent. [55804/25],,,,
WPQG055,https://data.oireachtas.ie/akn/ie/debateRecord/dail/2025-10-15/writtens/dbsect_76,https://data.oireachtas.ie/ie/oireachtas/question/2025-10-15/pq_50,50,2025-10-15,Réada Cronin,Climate,"50. Deputy Réada Cronin asked the Minister for Climate, Energy and the Environment the rationale for the threshold in the Renewable Heat Obligation Bill 2025 that states the Act will not apply to suppliers of fuels used for heating purposes that generate less than 400GWh of fuels per annum; and if he will make a statement on the matter. [55886/25]",,,,
WPQG055,https://data.oireachtas.ie/akn/ie/debateRecord/dail/2025-10-15/writtens/dbsect_76,https://data.oireachtas.ie/ie/oireachtas/question/2025-10-15/pq_51,51,2025-10-15,Réada Cronin,Climate,"51. Deputy Réada Cronin asked the Minister for Climate, Energy and the Environment who will conduct the analysis of market coverage ahead of a final decision on the 400GWh threshold in the Renewable Heat Obligation Bill 2025; the timeline for its completion; and if he will make a statement on the matter. [55887/25]",,,,
WPQG056,https://data.oireachtas.ie/akn/ie/debateRecord/dail/2025-11-04/writtens/dbsect_1409,https://data.oireachtas.ie/ie/oireachtas/question/2025-11-04/pq_1639,1639,2025-11-04,John Lahart,Health,1639. Deputy John Lahart asked the Minister for Health if she has considered any data on the way in which vaping is an effective gateway out of smoking and maintaining a lifestyle without nicotine and tar (details supplied); and if she will make a statement on the matter. [57826/25],,,,
WPQG057,https://data.oireachtas.ie/akn/ie/debateRecord/dail/2025-11-04/writtens/dbsect_856,https://data.oireachtas.ie/ie/oireachtas/question/2025-11-04/pq_958,958,2025-11-04,Eoghan Kenny,Culture,"958. Deputy Eoghan Kenny asked the Minister for Culture, Communications and Sport for an update on the roll out of the National Broadband Plan in rural parts of North Cork including Grenagh, Carrignavar, Mourneabby and Burnfort; and if he will make a statement on the matter. [59025/25]",,,,
WPQG058,https://data.oireachtas.ie/akn/ie/debateRecord/dail/2025-11-13/writtens/dbsect_445,https://data.oireachtas.ie/ie/oireachtas/question/2025-11-13/pq_455,455,2025-11-13,Ruth Coppinger,Health,455. Deputy Ruth Coppinger asked the Minister for Health if consideration will be given to recognising Covid-19 as an occupational illness for social workers; and if she will make a statement on the matter. [62483/25],,,,
WPQG059,https://data.oireachtas.ie/akn/ie/debateRecord/dail/2025-12-09/writtens/dbsect_832,https://data.oireachtas.ie/ie/oireachtas/question/2025-12-09/pq_986,986,2025-12-09,Barry Ward,Health,986. Deputy Barry Ward asked the Minister for Health the position regarding any ongoing engagement her Department is having with an organisation (details supplied); and if she will make a statement on the matter. [69548/25],,,,
WPQG060,https://data.oireachtas.ie/akn/ie/debateRecord/dail/2025-12-16/writtens/dbsect_774,https://data.oireachtas.ie/ie/oireachtas/question/2025-12-16/pq_947,947,2025-12-16,Frankie Feighan,Health,"947. Deputy Frankie Feighan asked the Minister for Health the progress made over the past 12 months on each of her Department's programme for Government commitments, in tabular form; and if she will make a statement on the matter.  [71631/25]",,,,
WPQG061,https://data.oireachtas.ie/akn/ie/debateRecord/dail/2025-12-17/writtens/dbsect_61,https://data.oireachtas.ie/ie/oireachtas/question/2025-12-17/pq_45,45,2025-12-17,Réada Cronin,Climate,"45. Deputy Réada Cronin asked the Minister for Climate, Energy and the Environment the number of housing units and estates currently awaiting connection to the grid; the average wait times for same; and if he will make a statement on the matter.  [73059/25]",,,,
WPQG062,https://data.oireachtas.ie/akn/ie/debateRecord/dail/2025-12-18/writtens/dbsect_441,https://data.oireachtas.ie/ie/oireachtas/question/2025-12-18/pq_469,469,2025-12-18,Cathal Crowe,Education,"469. Deputy Cathal Crowe asked the Minister for Education and Youth if drug addiction prevention is covered in the post-primary curriculum; and if so, to outline the main elements of the curriculum which cover such. [73675/25]",,,,
WPQG063,https://data.oireachtas.ie/akn/ie/debateRecord/dail/2026-01-13/writtens/dbsect_470,https://data.oireachtas.ie/ie/oireachtas/question/2026-01-13/pq_698,698,2026-01-13,Sorca Clarke,Transport,"698. Deputy Sorca Clarke asked the Minister for Transport if he will ensure that the Road Safety Authority resumes the publication of anonymised, collision location data for public, research and local-authority use, including for high risk corridors such as the Longford/Westmeath section of the N4; and if he will confirm that this will be done in line with Data Protection Commissioner guidance that proportionate publication of crash location details is compatible with GDPR. [1469/26]",,,,
WPQG064,https://data.oireachtas.ie/akn/ie/debateRecord/dail/2026-01-14/writtens/dbsect_181,https://data.oireachtas.ie/ie/oireachtas/question/2026-01-14/pq_163,163,2026-01-14,Donna McGettigan,Health,"163. Deputy Donna McGettigan asked the Minister for Health the national number of dentists registered under the dental scheme for medical card holders; the number of dentists actually drawing down funds on it, in tabular form; and if she will make a statement on the matter. [2603/26]",,,,
WPQG065,https://data.oireachtas.ie/akn/ie/debateRecord/dail/2026-01-15/writtens/dbsect_465,https://data.oireachtas.ie/ie/oireachtas/question/2026-01-15/pq_507,507,2026-01-15,Ruth Coppinger,Health,"507. Deputy Ruth Coppinger asked the Minister for Health her plans to improve the current waiting list for marriage of convenience interviews, given issues that have been raised (details supplied); and if she will make a statement on the matter.  [3186/26]",,,,
WPQG066,https://data.oireachtas.ie/akn/ie/debateRecord/dail/2026-02-12/writtens/dbsect_207,https://data.oireachtas.ie/ie/oireachtas/question/2026-02-12/pq_192,192,2026-02-12,James O'Connor,Education,192. Deputy James O'Connor asked the Minister for Education and Youth for an update on works and repairs in a school (details supplied); and if she will make a statement on the matter. [11071/26],,,,
WPQG067,https://data.oireachtas.ie/akn/ie/debateRecord/dail/2026-02-17/writtens/dbsect_315,https://data.oireachtas.ie/ie/oireachtas/question/2026-02-17/pq_500,500,2026-02-17,Ged Nash,Finance,"500. Deputy Ged Nash asked the Tánaiste and Minister for Finance if he will reconvene the Banking Forum; if he will consider a joint initiative with the Minister for Finance in Northern Ireland, to hold a joint banking forum to plan and discuss with relevant stakeholder the future of banking on the Island; and if he will make a statement on the matter. [12745/26]",,,,
WPQG068,https://data.oireachtas.ie/akn/ie/debateRecord/dail/2026-02-19/writtens/dbsect_418,https://data.oireachtas.ie/ie/oireachtas/question/2026-02-19/pq_450,450,2026-02-19,Ken O'Flynn,Justice,"450. Deputy Ken O'Flynn asked the Minister for Justice, Home Affairs and Migration the number of final negative international protection decisions issued in each of the years 2022, 2023, 2024 and 2025; the number of deportation orders signed in each year; and the number executed; and whether additional resources have been allocated to enforcement capacity in 2026. [13865/26]",,,,
WPQG069,https://data.oireachtas.ie/akn/ie/debateRecord/dail/2026-02-24/writtens/dbsect_515,https://data.oireachtas.ie/ie/oireachtas/question/2026-02-24/pq_724,724,2026-02-24,Aidan Farrelly,Social,"724. Deputy Aidan Farrelly asked the Minister for Social Protection the number of persons in receipt of the household benefits package, by county, over the past five years.  [15011/26]",,,,
WPQG070,https://data.oireachtas.ie/akn/ie/debateRecord/dail/2026-02-24/writtens/dbsect_661,https://data.oireachtas.ie/ie/oireachtas/question/2026-02-24/pq_898,898,2026-02-24,Peadar Tóibín,Children,"898. Deputy Peadar Tóibín asked the Minister for Children, Disability and Equality the number of persons that were murdered or died under suspicious circumstances over the past ten years in the State that had previously engaged with Tusla or who Tusla had previously identified as at risk. [14873/26]",,,,
WPQG071,https://data.oireachtas.ie/akn/ie/debateRecord/dail/2026-03-18/writtens/dbsect_1755,https://data.oireachtas.ie/ie/oireachtas/question/2026-03-18/pq_2183,2183,2026-03-18,Louis O'Hara,Health,"2183. Deputy Louis O'Hara asked the Minister for Health the number of permanent full-time job offers that Portiuncula University Hospital has offered to newly graduated nurses in 2025; and of the jobs offered, the number that were accepted, in tabular form. [20511/26]",,,,
WPQG072,https://data.oireachtas.ie/akn/ie/debateRecord/dail/2026-03-24/writtens/dbsect_687,https://data.oireachtas.ie/ie/oireachtas/question/2026-03-24/pq_984,984,2026-03-24,James Geoghegan,Health,984. Deputy James Geoghegan asked the Minister for Health to review a case (details supplied); and if she will make a statement on the matter. [22231/26],,,,
WPQG073,https://data.oireachtas.ie/akn/ie/debateRecord/dail/2026-04-14/writtens/dbsect_1439,https://data.oireachtas.ie/ie/oireachtas/question/2026-04-14/pq_2032,2032,2026-04-14,Paul Lawless,Justice,"2032. Deputy Paul Lawless asked the Minister for Justice, Home Affairs and Migration to provide a list of the NGOs that have received Government funding from his Department in the past five years. [24636/26]",,,,
WPQG073,https://data.oireachtas.ie/akn/ie/debateRecord/dail/2026-04-14/writtens/dbsect_1439,https://data.oireachtas.ie/ie/oireachtas/question/2026-04-14/pq_2130,2130,2026-04-14,Paul Lawless,Justice,"2130. Deputy Paul Lawless asked the Minister for Justice, Home Affairs and Migration the number of non-Governmental organisations that have received State funding from his Department in each of the past five years; the number of such organisations currently registered in the State which have been funded by his Department; the number located outside the State that have received Irish public funds from his Department for each of the past five years, in tabular form; and if he will make a statement on the matter. [26163/26]",,,,
WPQG074,https://data.oireachtas.ie/akn/ie/debateRecord/dail/2026-04-14/writtens/dbsect_1661,https://data.oireachtas.ie/ie/oireachtas/question/2026-04-14/pq_2324,2324,2026-04-14,Michael Cahill,Agriculture,"2324. Deputy Michael Cahill asked the Minister for Agriculture, Food and the Marine to intervene in a grant application and ensure that it is processed and awarded as soon as possible (details supplied); and if he will make a statement on the matter. [27207/26]",,,,
WPQG075,https://data.oireachtas.ie/akn/ie/debateRecord/dail/2026-04-14/writtens/dbsect_2583,https://data.oireachtas.ie/ie/oireachtas/question/2026-04-14/pq_3372,3372,2026-04-14,Rose Conway-Walsh,Health,"3372. Deputy Rose Conway-Walsh asked the Minister for Health the number of patients on primary care and community services waiting lists in Mayo, by service, age and length of wait at the end of quarter 1 2026, in tabular form. [27111/26]",,,,
WPQG076,https://data.oireachtas.ie/akn/ie/debateRecord/dail/2026-04-21/writtens/dbsect_711,https://data.oireachtas.ie/ie/oireachtas/question/2026-04-21/pq_893,893,2026-04-21,Aisling Dempsey,Health,893. Deputy Aisling Dempsey asked the Minister for Health if any service providers in Meath west have submitted Disability Support Management Advisory Team forms to the HSE. [28709/26],,,,
WPQG077,https://data.oireachtas.ie/akn/ie/debateRecord/dail/2026-04-22/writtens/dbsect_173,https://data.oireachtas.ie/ie/oireachtas/question/2026-04-22/pq_175,175,2026-04-22,Ken O'Flynn,Agriculture,"175. Deputy Ken O'Flynn asked the Minister for Agriculture, Food and the Marine how forestry policy is being aligned with national biodiversity and climate strategies; and what measurable indicators are used to assess the environmental performance of State forestry. [28985/26]",,,,
WPQG078,https://data.oireachtas.ie/akn/ie/debateRecord/dail/2026-04-28/writtens/dbsect_594,https://data.oireachtas.ie/ie/oireachtas/question/2026-04-28/pq_843,843,2026-04-28,Paul Nicholas Gogarty,Justice,"843. Deputy Paul Nicholas Gogarty asked the Minister for Justice, Home Affairs and Migration if he will address the significant cost barriers associated with Section 32 Voice of the Child reports which can range from €700 to €5,000; the steps being taken to ensure that children from lower income families are not denied the opportunity to have their views heard in family law proceedings; and if he will make a statement on the matter. [30306/26]",,,,
WPQG078,https://data.oireachtas.ie/akn/ie/debateRecord/dail/2026-04-28/writtens/dbsect_594,https://data.oireachtas.ie/ie/oireachtas/question/2026-04-28/pq_844,844,2026-04-28,Paul Nicholas Gogarty,Justice,"844. Deputy Paul Nicholas Gogarty asked the Minister for Justice, Home Affairs and Migration when the proposed national panel of accredited assessors for Section 32 and Section 47 reports will be established, as recommended in the 2024 Review of Expert Reports in the Family Law Process; and if he will make a statement on the matter. [30307/26]",,,,
WPQG078,https://data.oireachtas.ie/akn/ie/debateRecord/dail/2026-04-28/writtens/dbsect_594,https://data.oireachtas.ie/ie/oireachtas/question/2026-04-28/pq_845,845,2026-04-28,Paul Nicholas Gogarty,Justice,"845. Deputy Paul Nicholas Gogarty asked the Minister for Justice, Home Affairs and Migration he will introduce statutory minimum qualifications and regulatory oversight for all court appointed assessors, including those offering opinions on parental alienation, in light of concerns raised in Dáil Éireann regarding unqualified and unregistered experts; and if he will make a statement on the matter. [30308/26]",,,,
WPQG081,https://data.oireachtas.ie/akn/ie/debateRecord/dail/2026-05-06/writtens/dbsect_848,https://data.oireachtas.ie/ie/oireachtas/question/2026-05-06/pq_1081,1081,2026-05-06,Ken O'Flynn,Health,"1081. Deputy Ken O'Flynn asked the Minister for Health the proportion of agency staff engaged under framework agreements versus off-framework arrangements, and the cost differential between these categories. [32680/26]",,,,
WPQG079,https://data.oireachtas.ie/akn/ie/debateRecord/dail/2026-05-06/writtens/dbsect_685,https://data.oireachtas.ie/ie/oireachtas/question/2026-05-06/pq_862,862,2026-05-06,Pádraig Rice,Health,"862. Deputy Pádraig Rice asked the Minister for Health if she will provide a full breakdown of all expenditure incurred by the HSE in respect of the health performance visualisation platform and the integrated information service, system programme, by recipient or contractor, amount paid or committed and the function or purpose for which the payment was made, in tabular form; and if she will make a statement on the matter. [32020/26]",,,,
WPQG080,https://data.oireachtas.ie/akn/ie/debateRecord/dail/2026-05-06/writtens/dbsect_698,https://data.oireachtas.ie/ie/oireachtas/question/2026-05-06/pq_876,876,2026-05-06,Ken O'Flynn,Health,"876. Deputy Ken O'Flynn asked the Minister for Health to provide a list of all Minor Injuries Clinics operating within Cork city and county under the HSE; the number of whole-time equivalent staff assigned to each clinic, broken down by job title, in tabular form. [32120/26]",,,,
WPQG082,https://data.oireachtas.ie/akn/ie/debateRecord/dail/2026-05-12/writtens/dbsect_191,https://data.oireachtas.ie/ie/oireachtas/question/2026-05-12/pq_330,330,2026-05-12,Ken O'Flynn,Transport,330. Deputy Ken O'Flynn asked the Minister for Transport whether his Department has considered interim active travel or traffic management measures to alleviate congestion in Mallow town pending delivery of the relief road; and if he will make a statement on the matter. [34189/26],,,,
WPQG083,https://data.oireachtas.ie/akn/ie/debateRecord/dail/2026-05-12/writtens/dbsect_337,https://data.oireachtas.ie/ie/oireachtas/question/2026-05-12/pq_519,519,2026-05-12,Joe Neville,Enterprise,"519. Deputy Joe Neville asked the Minister for Enterprise, Tourism and Employment if he will provide a list of all capital projects and programmes including those delivered through IDA Ireland, Enterprise Ireland and Fáilte Ireland which have been completed on time and within budget in Kildare in each of the past five years, in tabular form; and if he will make a statement on the matter. [35016/26]",,,,
WPQG084,https://data.oireachtas.ie/akn/ie/debateRecord/dail/2026-05-12/writtens/dbsect_697,https://data.oireachtas.ie/ie/oireachtas/question/2026-05-12/pq_973,973,2026-05-12,Barry Ward,Children,"973. Deputy Barry Ward asked the Minister for Children, Disability and Equality the position regarding any support mechanisms in place to support families whose childcare facilities have withdrawn from the core funding model, specifically in relation to the knock-on price increase for childcare; and if she will make a statement on the matter. [34679/26]",,,,
WPQG085,https://data.oireachtas.ie/akn/ie/debateRecord/dail/2026-05-14/writtens/dbsect_454,https://data.oireachtas.ie/ie/oireachtas/question/2026-05-14/pq_567,567,2026-05-14,Ken O'Flynn,Health,567. Deputy Ken O'Flynn asked the Minister for Health whether any monetary approval thresholds exist within the treatment abroad scheme requiring additional sign-off for high-cost procedures; the officials or grades responsible for such approvals; and if she will provide the thresholds currently applied. [36018/26],,,,
WPQG085,https://data.oireachtas.ie/akn/ie/debateRecord/dail/2026-05-14/writtens/dbsect_454,https://data.oireachtas.ie/ie/oireachtas/question/2026-05-14/pq_568,568,2026-05-14,Ken O'Flynn,Health,"568. Deputy Ken O'Flynn asked the Minister for Health whether the treatment abroad scheme operates any formal value-for-money assessment process prior to approving exceptionally high-cost procedures abroad; and if so, the methodology used. [36019/26]",,,,
WPQG085,https://data.oireachtas.ie/akn/ie/debateRecord/dail/2026-05-14/writtens/dbsect_454,https://data.oireachtas.ie/ie/oireachtas/question/2026-05-14/pq_569,569,2026-05-14,Ken O'Flynn,Health,569. Deputy Ken O'Flynn asked the Minister for Health the number of Treatment Abroad Scheme applications approved with an estimated cost exceeding in each year since 2020 (details supplied). [36020/26],,,,
WPQG085,https://data.oireachtas.ie/akn/ie/debateRecord/dail/2026-05-14/writtens/dbsect_454,https://data.oireachtas.ie/ie/oireachtas/question/2026-05-14/pq_570,570,2026-05-14,Ken O'Flynn,Health,"570. Deputy Ken O'Flynn asked the Minister for Health whether any applications under the Treatment Abroad Scheme have been refused wholly or partly on financial, budgetary, or proportionality grounds since 2020; and if she will provide annual figures. [36021/26]",,,,
WPQG085,https://data.oireachtas.ie/akn/ie/debateRecord/dail/2026-05-14/writtens/dbsect_454,https://data.oireachtas.ie/ie/oireachtas/question/2026-05-14/pq_571,571,2026-05-14,Ken O'Flynn,Health,"571. Deputy Ken O'Flynn asked the Minister for Health whether the HSE maintains a central register of high-cost overseas procedures approved under the Treatment Abroad Scheme; and if so, the governance and reporting arrangements applying to that register. [36022/26]",,,,
WPQG085,https://data.oireachtas.ie/akn/ie/debateRecord/dail/2026-05-14/writtens/dbsect_454,https://data.oireachtas.ie/ie/oireachtas/question/2026-05-14/pq_572,572,2026-05-14,Ken O'Flynn,Health,"572. Deputy Ken O'Flynn asked the Minister for Health the dates of all internal audit reviews, Comptroller and Auditor General examinations, or other formal oversight reviews conducted in respect of the Treatment Abroad Scheme since 2020; and if copies of findings or recommendations will be provided. [36023/26]",,,,
WPQG085,https://data.oireachtas.ie/akn/ie/debateRecord/dail/2026-05-14/writtens/dbsect_454,https://data.oireachtas.ie/ie/oireachtas/question/2026-05-14/pq_573,573,2026-05-14,Ken O'Flynn,Health,"573. Deputy Ken O'Flynn asked the Minister for Health whether any risk assessment has been conducted regarding financial exposure arising from exceptionally high-cost procedures funded under the Treatment Abroad Scheme; and if so, whether she will provide details. [36024/26]",,,,
WPQG085,https://data.oireachtas.ie/akn/ie/debateRecord/dail/2026-05-14/writtens/dbsect_454,https://data.oireachtas.ie/ie/oireachtas/question/2026-05-14/pq_574,574,2026-05-14,Ken O'Flynn,Health,"574. Deputy Ken O'Flynn asked the Minister for Health whether the Treatment Abroad Scheme has any specific governance pathway for novel, experimental, or highly specialised procedures abroad involving significant State expenditure. [36025/26]",,,,
WPQG085,https://data.oireachtas.ie/akn/ie/debateRecord/dail/2026-05-14/writtens/dbsect_454,https://data.oireachtas.ie/ie/oireachtas/question/2026-05-14/pq_575,575,2026-05-14,Ken O'Flynn,Health,"575. Deputy Ken O'Flynn asked the Minister for Health whether the Treatment Abroad Scheme maintains procedure-specific coding or categorisation for any surgical specialties funded abroad; and if so, to provide the categories recorded. [36026/26]",,,,
WPQG085,https://data.oireachtas.ie/akn/ie/debateRecord/dail/2026-05-14/writtens/dbsect_454,https://data.oireachtas.ie/ie/oireachtas/question/2026-05-14/pq_577,577,2026-05-14,Ken O'Flynn,Health,"577. Deputy Ken O'Flynn asked the Minister for Health whether any legal, GDPR, administrative, or policy barrier prevents the Treatment Abroad Scheme from recording anonymised procedure-category data for overseas gender-related surgeries. [36028/26]",,,,
WPQG085,https://data.oireachtas.ie/akn/ie/debateRecord/dail/2026-05-14/writtens/dbsect_454,https://data.oireachtas.ie/ie/oireachtas/question/2026-05-14/pq_579,579,2026-05-14,Ken O'Flynn,Health,579. Deputy Ken O'Flynn asked the Minister for Health whether her Department has requested the introduction of structured reporting or coding mechanisms relating to gender affirmation procedures funded abroad under the Treatment Abroad Scheme. [36030/26],,,,
WPQG085,https://data.oireachtas.ie/akn/ie/debateRecord/dail/2026-05-14/writtens/dbsect_454,https://data.oireachtas.ie/ie/oireachtas/question/2026-05-14/pq_580,580,2026-05-14,Ken O'Flynn,Health,580. Deputy Ken O'Flynn asked the Minister for Health the total annual expenditure under the Treatment Abroad Scheme on overseas gender-related surgical referrals for each year from 2020 to date. [36031/26],,,,
WPQG085,https://data.oireachtas.ie/akn/ie/debateRecord/dail/2026-05-14/writtens/dbsect_454,https://data.oireachtas.ie/ie/oireachtas/question/2026-05-14/pq_581,581,2026-05-14,Ken O'Flynn,Health,581. Deputy Ken O'Flynn asked the Minister for Health whether the Treatment Abroad Scheme records the age profile of persons approved for overseas gender affirmation surgeries. [36032/26],,,,
WPQG086,https://data.oireachtas.ie/akn/ie/debateRecord/dail/2026-05-19/writtens/dbsect_403,https://data.oireachtas.ie/ie/oireachtas/question/2026-05-19/pq_616,616,2026-05-19,Michael Healy-Rae,Housing,"616. Deputy Michael Healy-Rae asked the Minister for Housing, Local Government and Heritage if he will consider making it mandatory for local authority meetings to be live streamed, recorded and published for the public to view; and if he will make a statement on the matter. [37466/26]",,,,
WPQG087,https://data.oireachtas.ie/akn/ie/debateRecord/dail/2026-05-26/writtens/dbsect_1064,https://data.oireachtas.ie/ie/oireachtas/question/2026-05-26/pq_1459,1459,2026-05-26,Ken O'Flynn,Health,1459. Deputy Ken O'Flynn asked the Minister for Health whether patient organisations or rare disease advocacy groups were consulted or invited to make submissions during the reimbursement assessment process for omaveloxolone (skyclarys); and if she will provide details of the process involved. [39839/26],,,,
WPQG088,https://data.oireachtas.ie/akn/ie/debateRecord/dail/2026-05-28/writtens/dbsect_569,https://data.oireachtas.ie/ie/oireachtas/question/2026-05-28/pq_627,627,2026-05-28,Ken O'Flynn,Health,"627. Deputy Ken O'Flynn asked the Minister for Health whether any adverse clinical outcome review, morbidity review, mortality review, or patient harm assessment process examines whether delayed ambulance allocation formed a contributory factor in patient outcomes. [41178/26]",,,,
WPQG089,https://data.oireachtas.ie/akn/ie/debateRecord/dail/2026-06-09/writtens/dbsect_51,https://data.oireachtas.ie/ie/oireachtas/question/2026-06-09/pq_138,138,2026-06-09,Séamus McGrath,Defence,138. Deputy Séamus McGrath asked the Minister for Defence the current shortfall in staffing levels across the Defence Forces; the timeframe to reach the targeting staffing levels; and the way in which the staffing shortfall impacts on national security. [43661/26],,,,
WPQG090,https://data.oireachtas.ie/akn/ie/debateRecord/dail/2026-06-16/writtens/dbsect_227,https://data.oireachtas.ie/ie/oireachtas/question/2026-06-16/pq_341,341,2026-06-16,Malcolm Byrne,Transport,341. Deputy Malcolm Byrne asked the Minister for Transport to provide an update on the development of the South Wicklow Greenway; the amount of the sum allocated by his Department to the project which has been drawn down to date; the actions taken on foot of that drawdown; and if he will make a statement on the matter. [45868/26],,,,
WPQG091,https://data.oireachtas.ie/akn/ie/debateRecord/dail/2026-06-18/writtens/dbsect_496,https://data.oireachtas.ie/ie/oireachtas/question/2026-06-18/pq_508,508,2026-06-18,Michael Murphy,Health,"508. Deputy Michael Murphy asked the Minister for Health if a specific recovery plan exists for orthodontic services in South Tipperary; the targets, milestones and timelines contained within such a plan; the expected reduction in waiting times arising from it; and if she will make a statement on the matter. [46620/26]",,,,
WPQG092,https://data.oireachtas.ie/akn/ie/debateRecord/dail/2026-06-23/writtens/dbsect_170,https://data.oireachtas.ie/ie/oireachtas/question/2026-06-23/pq_153,153,2026-06-23,Seán Ó Fearghaíl,Defence,"153. Deputy Seán Ó Fearghaíl asked the Minister for Defence if she will detail the total expenditure incurred by her Department in each of the years 2021, 2022, 2023, 2024, 2025, and to date in 2026 on environmental clean-ups carried out on the Curragh Plains, County Kildare, arising from illegal encampments and associated fly-tipping; and if she will make a statement on the matter. [47488/26]",,,,
WPQG093,https://data.oireachtas.ie/akn/ie/debateRecord/dail/2026-06-23/writtens/dbsect_617,https://data.oireachtas.ie/ie/oireachtas/question/2026-06-23/pq_667,667,2026-06-23,David Cullinane,Health,"667. Deputy David Cullinane asked the Minister for Health whether HIQA was notified, in accordance with Regulation 31 of the Health Act 2007 (Care and Welfare of Residents in Designated Centres for Older People) Regulations 2013, following the safeguarding incident known publicly as the ""Emily"" case; if so, the date and category of such notification; and whether HIQA considered or exercised its powers under Section 9 of the Health Act 2007 to investigate the circumstances surrounding that incident. [46852/26]",,,,
WPQG094,https://data.oireachtas.ie/akn/ie/debateRecord/dail/2026-06-30/writtens/dbsect_571,https://data.oireachtas.ie/ie/oireachtas/question/2026-06-30/pq_744,744,2026-06-30,Marian Harkin,Health,744. Deputy Marian Harkin asked the Minister for Health for an update on the number of maternity posts in Sligo University Hospital (details supplied); and if she will make a statement on the matter. [48751/26],,,,
WPQG096,https://data.oireachtas.ie/akn/ie/debateRecord/dail/2026-07-07/writtens/dbsect_242,https://data.oireachtas.ie/ie/oireachtas/question/2026-07-07/pq_243,243,2026-07-07,Conor D McGuinness,Finance,"243. Deputy Conor D. McGuinness asked the Tánaiste and Minister for Finance the estimated full-year yield if the residential zoned land tax increased to 7%, if the land's annual value is based on 2025 figures. [50946/26]",,,,
WPQG097,https://data.oireachtas.ie/akn/ie/debateRecord/dail/2026-07-07/writtens/dbsect_344,https://data.oireachtas.ie/ie/oireachtas/question/2026-07-07/pq_357,357,2026-07-07,Jen Cummins,Education,"357. Deputy Jen Cummins asked the Minister for Education and Youth whether her Department requested a school (details supplied) to accommodate an additional junior infant class for the 2026-2027 school year; if her Department has refused to allocate an additional classroom teacher to the school notwithstanding that request; if her Department considered the impact of that refusal on existing pupils, including the potential amalgamation of two senior infant classes into a first class grouping of approximately 34 pupils. [51173/26]",,,,
WPQG097,https://data.oireachtas.ie/akn/ie/debateRecord/dail/2026-07-07/writtens/dbsect_344,https://data.oireachtas.ie/ie/oireachtas/question/2026-07-07/pq_358,358,2026-07-07,Jen Cummins,Education,"358. Deputy Jen Cummins asked the Minister for Education and Youth the staffing schedule, enrolment data, circular or criteria that were relied upon in refusing the additional teacher in a school (details supplied). [51174/26]",,,,
WPQG095,https://data.oireachtas.ie/akn/ie/debateRecord/dail/2026-07-07/writtens/dbsect_118,https://data.oireachtas.ie/ie/oireachtas/question/2026-07-07/pq_93,93,2026-07-07,Conor D McGuinness,Foreign,"93. Deputy Conor D. McGuinness asked the Minister for Foreign Affairs and Trade the number of occasions in 2025 and to date in 2026 where the Irish ambassador based in Indonesia has met formally with the Indonesian president, in tabular form. [50948/26]",,,,
WPQG098,https://data.oireachtas.ie/akn/ie/debateRecord/dail/2026-07-14/writtens/dbsect_305,https://data.oireachtas.ie/ie/oireachtas/question/2026-07-14/pq_299,299,2026-07-14,Darren O'Rourke,Education,299. Deputy Darren O'Rourke asked the Minister for Education and Youth the measures she is taking to address the shortage of teachers in Ireland; and if she will make a statement on the matter. [52963/26],,,,
WPQG099,https://data.oireachtas.ie/akn/ie/debateRecord/dail/2026-07-28/writtens/dbsect_1347,https://data.oireachtas.ie/ie/oireachtas/question/2026-07-28/pq_1595,1595,2026-07-28,Barry Ward,Housing,"1595. Deputy Barry Ward asked the Minister for Housing, Local Government and Heritage the position regarding the mechanisms in place to ensure that any rental properties advertised as being available Monday to Friday are compliant with all rental legislation; and if he will make a statement on the matter. [54892/26]",,,,
WPQG099,https://data.oireachtas.ie/akn/ie/debateRecord/dail/2026-07-28/writtens/dbsect_1347,https://data.oireachtas.ie/ie/oireachtas/question/2026-07-28/pq_1596,1596,2026-07-28,Barry Ward,Housing,"1596. Deputy Barry Ward asked the Minister for Housing, Local Government and Heritage his views on whether the RTB is sufficiently equipped to ensure that any rental properties advertised as being available Monday to Friday are compliant with all rental legislation; and if he will make a statement on the matter. [54893/26]",,,,
WPQG100,https://data.oireachtas.ie/akn/ie/debateRecord/dail/2026-07-28/writtens/dbsect_1688,https://data.oireachtas.ie/ie/oireachtas/question/2026-07-28/pq_2052,2052,2026-07-28,Richard Boyd Barrett,Social,2052. Deputy Richard Boyd Barrett asked the Minister for Social Protection the estimated yearly cost of index linking disability related payments and carer’s allowance; and if he will make a statement on the matter. [57920/26],,,,
