question_id,question_no,question_date,asked_by_name,recipient,debate_section_id,source_xml_url,fetch_ok,section_local_match,question_local_match,question_count_in_xml,speech_count_in_xml,summary_count,table_count,external_link_count,answer_text_chars,grouped_or_joint_answer,referred_or_direct_reply,reply_not_received,status,summary_texts,answer_preview
https://data.oireachtas.ie/ie/oireachtas/question/2025-01-22/pq_1402,1402,2025-01-22,Niamh Smyth,Health,https://data.oireachtas.ie/akn/ie/debateRecord/dail/2025-01-22/writtens/dbsect_1326,https://data.oireachtas.ie/akn/ie/debateRecord/dail/2025-01-22/writtens/mul@/dbsect_1326.xml,True,True,True,1,1,0,0,6,146,False,True,False,ministerial_reply_present,,"Minister for Health As this is a service matter, I have asked the Health Service Executive to respond to the Deputy directly, as soon as possible."
https://data.oireachtas.ie/ie/oireachtas/question/2025-01-22/pq_313,313,2025-01-22,Mark Wall,Transport,https://data.oireachtas.ie/akn/ie/debateRecord/dail/2025-01-22/writtens/dbsect_308,https://data.oireachtas.ie/akn/ie/debateRecord/dail/2025-01-22/writtens/mul@/dbsect_308.xml,True,True,True,1,1,1,0,6,641,False,True,False,ministerial_reply_present,A referred reply was forwarded to the Deput y under Standing Order 51.,"Minister for Transport (Eamon Ryan) As Minister for Transport, I have responsibility for policy and overall funding in relation to public transport. However, I am not involved in the day-to-day operations of public transport. The National Transport Authority (NTA) has responsibility for the regulation of fares charged to passengers in respect of pu"
https://data.oireachtas.ie/ie/oireachtas/question/2025-01-22/pq_689,689,2025-01-22,Richard Boyd Barrett,Tourism,https://data.oireachtas.ie/akn/ie/debateRecord/dail/2025-01-22/writtens/dbsect_663,https://data.oireachtas.ie/akn/ie/debateRecord/dail/2025-01-22/writtens/mul@/dbsect_663.xml,True,True,True,1,1,0,0,6,1453,False,False,False,ministerial_reply_present,,"Minister of State at the Department of Tourism, Culture, Arts, Gaeltacht, Sport and Media The Deputy should note that my Department has no function in the issuing of such State identification documents, as noted in his question, and accordingly, details of any associated requirements should be sought directly from those relevant Government Departme"
https://data.oireachtas.ie/ie/oireachtas/question/2025-02-06/pq_239,239,2025-02-06,Alan Kelly,Health,https://data.oireachtas.ie/akn/ie/debateRecord/dail/2025-02-06/writtens/dbsect_225,https://data.oireachtas.ie/akn/ie/debateRecord/dail/2025-02-06/writtens/mul@/dbsect_225.xml,True,True,True,1,1,0,0,6,1104,False,False,False,ministerial_reply_present,,"Minister for Health The Government is fully committed to improving services in the Mid West region. Significant additional funding has been allocated to the region and broader reforms are in progress, though more capacity is needed. 166 new beds have opened in acute hospitals in the Mid West region since Jan 2020 including a 16-bed rapid build unit"
https://data.oireachtas.ie/ie/oireachtas/question/2025-02-11/pq_14,14,2025-02-11,Malcolm Byrne,Foreign,https://data.oireachtas.ie/akn/ie/debateRecord/dail/2025-02-11/writtens/dbsect_33,https://data.oireachtas.ie/akn/ie/debateRecord/dail/2025-02-11/writtens/mul@/dbsect_33.xml,True,True,True,1,1,1,0,6,1830,False,False,False,ministerial_reply_present,Questions Nos. 15 and 16 answered orally.,"Tánaiste and Minister for Foreign Affairs Ireland has repeatedly expressed deep concern about the situation in Hong Kong since the introduction of the National Security Law in June 2020. The National Security Law, together with subsequent legislation adopted in March 2023 introduces crimes such as treason, sedition and collusion with foreign forces"
https://data.oireachtas.ie/ie/oireachtas/question/2025-02-13/pq_25,25,2025-02-13,Richard Boyd Barrett,Finance,https://data.oireachtas.ie/akn/ie/debateRecord/dail/2025-02-13/writtens/dbsect_55,https://data.oireachtas.ie/akn/ie/debateRecord/dail/2025-02-13/writtens/mul@/dbsect_55.xml,True,True,True,1,1,0,0,6,2726,False,False,False,ministerial_reply_present,,"Minister for Finance A sustainable funding landscape for housing development requires diverse pools of capital, with each playing a complementary role in the funding ecosystem. This will include development funding from our domestic banks, non-bank and alternative lenders, institutional investors, private equity providers and State sources, working"
https://data.oireachtas.ie/ie/oireachtas/question/2025-02-18/pq_745,745,2025-02-18,Marie Sherlock,Health,https://data.oireachtas.ie/akn/ie/debateRecord/dail/2025-02-18/writtens/dbsect_629,https://data.oireachtas.ie/akn/ie/debateRecord/dail/2025-02-18/writtens/mul@/dbsect_629.xml,True,True,True,1,1,0,0,6,146,False,True,False,ministerial_reply_present,,"Minister for Health As this is a service matter, I have asked the Health Service Executive to respond to the deputy directly, as soon as possible."
https://data.oireachtas.ie/ie/oireachtas/question/2025-02-19/pq_163,163,2025-02-19,Ivana Bacik,Agriculture,https://data.oireachtas.ie/akn/ie/debateRecord/dail/2025-02-19/writtens/dbsect_189,https://data.oireachtas.ie/akn/ie/debateRecord/dail/2025-02-19/writtens/mul@/dbsect_189.xml,True,True,True,1,1,0,0,7,425,False,False,False,ministerial_reply_present,,"Minister for Agriculture, Food and the Marine I wish to inform the Deputy that the information requested is set out in the attached table. As regards the 13 State Bodies under the aegis of my Department, the information requested is an operational matter for the State Bodies themselves. I have referred the Deputy’s question to the Agencies and have"
https://data.oireachtas.ie/ie/oireachtas/question/2025-03-19/pq_1066,1066,2025-03-19,Séamus McGrath,Social,https://data.oireachtas.ie/akn/ie/debateRecord/dail/2025-03-19/writtens/dbsect_864,https://data.oireachtas.ie/akn/ie/debateRecord/dail/2025-03-19/writtens/mul@/dbsect_864.xml,True,True,True,1,1,0,0,6,2006,False,False,False,ministerial_reply_present,,"Minister for Social Protection Under the law as currently enacted, entitlement to a Widows, Widowers or Surviving Civil Partner’s Contributory pension is only available to a surviving partner who was party to a marriage or civil partnership. As the Deputy is aware, on 22nd January 2024, the Supreme Court delivered its judgment on the entitlement of"
https://data.oireachtas.ie/ie/oireachtas/question/2025-03-19/pq_1629,1629,2025-03-19,Eoin Ó Broin,Health,https://data.oireachtas.ie/akn/ie/debateRecord/dail/2025-03-19/writtens/dbsect_1375,https://data.oireachtas.ie/akn/ie/debateRecord/dail/2025-03-19/writtens/mul@/dbsect_1375.xml,True,True,True,1,1,0,0,6,122,False,False,False,ministerial_reply_present,,"Minister for Health This PQ should be directed to the Department of Children, Equality, Disability, Integration and Youth."
https://data.oireachtas.ie/ie/oireachtas/question/2025-03-19/pq_473,473,2025-03-19,Ciarán Ahern,Public Expenditure,https://data.oireachtas.ie/akn/ie/debateRecord/dail/2025-03-19/writtens/dbsect_349,https://data.oireachtas.ie/akn/ie/debateRecord/dail/2025-03-19/writtens/mul@/dbsect_349.xml,True,True,True,1,1,0,0,6,1240,False,False,False,ministerial_reply_present,,"Minister for Public Expenditure, National Development Plan Delivery and Reform I understand that the Deputy has clarified that this Question should have read as follows: “To ask the Minister for Public Expenditure, National Development Plan Delivery and Reform to list the functions, roles and services that were previously carried out and delivered "
https://data.oireachtas.ie/ie/oireachtas/question/2025-03-19/pq_966,966,2025-03-19,Conor Sheehan,Housing,https://data.oireachtas.ie/akn/ie/debateRecord/dail/2025-03-19/writtens/dbsect_768,https://data.oireachtas.ie/akn/ie/debateRecord/dail/2025-03-19/writtens/mul@/dbsect_768.xml,True,True,True,1,1,0,0,6,2165,False,False,False,ministerial_reply_present,,"Minister for Housing, Local Government and Heritage The Cost Rental Equity Loan funding Scheme is available to Approved Housing Bodies to provide affordable rented accommodation to those who meet the income eligibility requirements for cost rental homes. The nature of the Cost Rental model means that Cost Rental homes are advertised and made availa"
https://data.oireachtas.ie/ie/oireachtas/question/2025-03-25/pq_608,608,2025-03-25,Pádraig Mac Lochlainn,Agriculture,https://data.oireachtas.ie/akn/ie/debateRecord/dail/2025-03-25/writtens/dbsect_396,https://data.oireachtas.ie/akn/ie/debateRecord/dail/2025-03-25/writtens/mul@/dbsect_396.xml,True,True,True,1,1,0,0,6,2067,False,False,False,ministerial_reply_present,,"Minister for Agriculture, Food and the Marine In August 2023, the then Minister announced the outcome of the limited review of the 2012 Herring Management Policy in relation to the Herring 6a South quota for non-ringfenced vessels. Following this limited review, the then Minister established a North-West Herring Advisory Committee (NWHAC), comprisi"
https://data.oireachtas.ie/ie/oireachtas/question/2025-03-26/pq_128,128,2025-03-26,Alan Kelly,Justice,https://data.oireachtas.ie/akn/ie/debateRecord/dail/2025-03-26/writtens/dbsect_166,https://data.oireachtas.ie/akn/ie/debateRecord/dail/2025-03-26/writtens/mul@/dbsect_166.xml,True,True,True,6,1,1,0,6,931,True,False,False,ministerial_reply_present,Question No. 128 answered with Question No. 127.,"Minister for Justice I propose to take Questions Nos. 127, 128, 130, 131, 132 and 134 together. Under the Garda Síochána Act 2005 (as amended), the Garda Commissioner is responsible for the administration and management of An Garda Síochána, which includes the enforcement of road traffic legislation. As Minister, I have no role in such matters. Sta"
https://data.oireachtas.ie/ie/oireachtas/question/2025-04-01/pq_260,260,2025-04-01,Eoin Ó Broin,Environment,https://data.oireachtas.ie/akn/ie/debateRecord/dail/2025-04-01/writtens/dbsect_170,https://data.oireachtas.ie/akn/ie/debateRecord/dail/2025-04-01/writtens/mul@/dbsect_170.xml,True,True,True,1,1,0,0,6,1828,False,False,False,ministerial_reply_present,,"Minister for the Environment, Climate and Communications (Deputy Darragh O'Brien) Article 12(1) of the Energy Efficiency Directive (EU/2023/1791) (‘EED’) provides an obligation for Member States to require owners and operators of data centres with a power demand of installed information technology of at least 500kW to monitor and annually publish t"
https://data.oireachtas.ie/ie/oireachtas/question/2025-04-08/pq_126,126,2025-04-08,Paul Lawless,Education,https://data.oireachtas.ie/akn/ie/debateRecord/dail/2025-04-08/writtens/dbsect_58,https://data.oireachtas.ie/akn/ie/debateRecord/dail/2025-04-08/writtens/mul@/dbsect_58.xml,True,True,True,1,1,0,0,6,1913,False,False,False,ministerial_reply_present,,Minister for Education The Department of Education is committed to supporting the emotional wellbeing of our children. The Department’s National Educational Psychological Service (NEPS) provides educational psychological support to all primary and post-primary and special schools. The NEPS service provides access to: - Psychological support in the 
https://data.oireachtas.ie/ie/oireachtas/question/2025-04-08/pq_414,414,2025-04-08,Maeve O'Connell,Enterprise,https://data.oireachtas.ie/akn/ie/debateRecord/dail/2025-04-08/writtens/dbsect_336,https://data.oireachtas.ie/akn/ie/debateRecord/dail/2025-04-08/writtens/mul@/dbsect_336.xml,True,True,True,1,1,0,0,6,3937,False,False,False,ministerial_reply_present,,"Minister of State at the Department of Enterprise, Trade and Employment The Programme for Government is clear in setting out the importance of SMEs to our economy. Developing Ireland's enterprise base remains a key priority, and we will strive to reduce costs, administrative burdens and bureaucracy for businesses. As Minister, I will be putting a p"
https://data.oireachtas.ie/ie/oireachtas/question/2025-04-09/pq_264,264,2025-04-09,Claire Kerrane,Health,https://data.oireachtas.ie/akn/ie/debateRecord/dail/2025-04-09/writtens/dbsect_265,https://data.oireachtas.ie/akn/ie/debateRecord/dail/2025-04-09/writtens/mul@/dbsect_265.xml,True,True,True,1,1,0,0,6,146,False,True,False,ministerial_reply_present,,"Minister for Health As this is a service matter, I have asked the Health Service Executive to respond to the Deputy directly, as soon as possible."
https://data.oireachtas.ie/ie/oireachtas/question/2025-04-10/pq_220,220,2025-04-10,Matt Carthy,Education,https://data.oireachtas.ie/akn/ie/debateRecord/dail/2025-04-10/writtens/dbsect_217,https://data.oireachtas.ie/akn/ie/debateRecord/dail/2025-04-10/writtens/mul@/dbsect_217.xml,True,True,True,1,1,0,0,6,237,False,False,False,ministerial_reply_present,,Minister for Education I have made enquiries in relation to the pupil referred to and I understand that assigned psychologist is due to meet with the student's mother this week with an assessment of student to follow in the coming weeks.
https://data.oireachtas.ie/ie/oireachtas/question/2025-04-29/pq_758,758,2025-04-29,Michael Murphy,Education,https://data.oireachtas.ie/akn/ie/debateRecord/dail/2025-04-29/writtens/dbsect_656,https://data.oireachtas.ie/akn/ie/debateRecord/dail/2025-04-29/writtens/mul@/dbsect_656.xml,True,True,True,1,1,0,0,6,1743,False,False,False,ministerial_reply_present,,Minister of State at the Department of Education This government is fully committed to supporting children with special educational needs to fulfil their full potential and the Programme for Government makes a number of commitments to deliver on this objective. Dedicated working groups have been established by my department to work through the deta
https://data.oireachtas.ie/ie/oireachtas/question/2025-05-01/pq_185,185,2025-05-01,Aengus Ó Snodaigh,Transport,https://data.oireachtas.ie/akn/ie/debateRecord/dail/2025-05-01/writtens/dbsect_195,https://data.oireachtas.ie/akn/ie/debateRecord/dail/2025-05-01/writtens/mul@/dbsect_195.xml,True,True,True,1,1,0,0,6,545,False,False,False,ministerial_reply_present,,"Minister of State at the Department of Transport Faoin Acht um an Údarás um Shábháilteacht ar Bhóithre 2006, tá freagracht reachtúil ar an Údarás um Shábháilteacht ar Bhóithre (RSA) as an tSeirbhís Náisiúnta Tástála Tiomána agus coinníonn an tÚdarás an t-eolas a iarrtar maidir le tástálaithe tiománaithe le Gaeilge a earcú. Dá bhrí sin, chuir mé cei"
https://data.oireachtas.ie/ie/oireachtas/question/2025-05-15/pq_135,135,2025-05-15,Gary Gannon,Justice,https://data.oireachtas.ie/akn/ie/debateRecord/dail/2025-05-15/writtens/dbsect_147,https://data.oireachtas.ie/akn/ie/debateRecord/dail/2025-05-15/writtens/mul@/dbsect_147.xml,True,True,True,1,1,0,1,6,2743,False,False,False,ministerial_reply_present,,"Minister for Justice The State is currently accommodating over 33,000 people in over 320 International Protection Accommodation Service (IPAS) centres around the country, about 9,400 of whom are children with their families. As the Deputy will be aware, the system has responded to a sudden and sustained increase in applications over the last three "
https://data.oireachtas.ie/ie/oireachtas/question/2025-05-22/pq_219,219,2025-05-22,John Connolly,Education,https://data.oireachtas.ie/akn/ie/debateRecord/dail/2025-05-22/writtens/dbsect_238,https://data.oireachtas.ie/akn/ie/debateRecord/dail/2025-05-22/writtens/mul@/dbsect_238.xml,True,True,True,1,1,0,0,6,470,False,False,False,ministerial_reply_present,,"Minister for Education and Youth The school to which the Deputy refers submitted an application for funding under the Emergency Works Scheme (EWS) for fabric defect works. The application in question, received 16 May 2025, is currently being reviewed by the EWS team. Once reviewed, the EWS team will engage further with the school as appropriate. Th"
https://data.oireachtas.ie/ie/oireachtas/question/2025-05-27/pq_194,194,2025-05-27,Mairéad Farrell,Transport,https://data.oireachtas.ie/akn/ie/debateRecord/dail/2025-05-27/writtens/dbsect_116,https://data.oireachtas.ie/akn/ie/debateRecord/dail/2025-05-27/writtens/mul@/dbsect_116.xml,True,True,True,1,1,1,0,6,564,True,True,False,ministerial_reply_present,Question No. 195 answered with Question No. 196.,"Minister for Transport As Minister for Transport, I have responsibility for policy and overall funding in relation to public transport; however, I am not involved in the day-to-day operations of public transport. The provision of toilet facilities on bus services is a matter for the individual operators, and accordingly the query raised by the Depu"
https://data.oireachtas.ie/ie/oireachtas/question/2025-06-12/pq_284,284,2025-06-12,Tom Brabazon,Finance,https://data.oireachtas.ie/akn/ie/debateRecord/dail/2025-06-12/writtens/dbsect_280,https://data.oireachtas.ie/akn/ie/debateRecord/dail/2025-06-12/writtens/mul@/dbsect_280.xml,True,True,True,1,1,0,0,6,427,False,False,False,ministerial_reply_present,,"Minister for Finance The Attorney General’s advice is privileged and will not be released. However the in recent Dail debates, I spoke to the advice received in the House. My statements on the matter are available here - www.oireachtas.ie/en/debates/debate/dail/2025-05-27/17/ www.oireachtas.ie/en/debates/debate/joint_committee_on_finance_public_exp"
https://data.oireachtas.ie/ie/oireachtas/question/2025-06-17/pq_107,107,2025-06-17,Malcolm Byrne,Children,https://data.oireachtas.ie/akn/ie/debateRecord/dail/2025-06-17/writtens/dbsect_69,https://data.oireachtas.ie/akn/ie/debateRecord/dail/2025-06-17/writtens/mul@/dbsect_69.xml,True,True,True,1,1,0,0,6,220,False,False,False,ministerial_reply_present,,"Minister of State at the Department of Children, Disability and Equality As this question refers to service matters, I have asked the Health Service Executive (HSE) to respond to the Deputy directly, as soon as possible."
https://data.oireachtas.ie/ie/oireachtas/question/2025-06-18/pq_151,151,2025-06-18,Duncan Smith,Health,https://data.oireachtas.ie/akn/ie/debateRecord/dail/2025-06-18/writtens/dbsect_192,https://data.oireachtas.ie/akn/ie/debateRecord/dail/2025-06-18/writtens/mul@/dbsect_192.xml,True,True,True,1,1,0,0,6,863,False,False,False,ministerial_reply_present,,"Minister for Health €500k funding was allocated for pulmonary fibrosis in budget 2025 and is available to the HSE. The HSE have completed recruitment of an Interstitial Lung Disease Clinical Advisor, a role crucial to progressing work in this area. The successful candidate is due to start in the role on 19th June 2025, establishing the appropriate "
https://data.oireachtas.ie/ie/oireachtas/question/2025-06-24/pq_548,548,2025-06-24,John Connolly,Housing,https://data.oireachtas.ie/akn/ie/debateRecord/dail/2025-06-24/writtens/dbsect_461,https://data.oireachtas.ie/akn/ie/debateRecord/dail/2025-06-24/writtens/mul@/dbsect_461.xml,True,True,True,1,1,0,0,6,2050,False,False,False,ministerial_reply_present,,"Minister for Housing, Local Government and Heritage Storm Éowyn was named by the UK Met Office on Tuesday 21 January 2025, the fifth named storm of the 2024-25 windstorm season. Widespread red and orange weather warnings were issued across Ireland and the United Kingdom ahead of the rapidly strengthening storm. Ireland experienced one of its most d"
https://data.oireachtas.ie/ie/oireachtas/question/2025-06-24/pq_694,694,2025-06-24,Carol Nolan,Agriculture,https://data.oireachtas.ie/akn/ie/debateRecord/dail/2025-06-24/writtens/dbsect_583,https://data.oireachtas.ie/akn/ie/debateRecord/dail/2025-06-24/writtens/mul@/dbsect_583.xml,True,True,True,2,1,1,0,6,1155,True,False,False,ministerial_reply_present,Question No. 694 answered with Question No. 693.,"Minister for Agriculture, Food and the Marine I propose to take Questions Nos. 693 and 694 together. Under the 2014-2020 Forestry Programme, a pure Oak plantation approved under the relevant Grant and Premium Category at the time cannot be changed to Agroforestry. Similarly, if the Ash Dieback site has previously been reconstituted and already plan"
https://data.oireachtas.ie/ie/oireachtas/question/2025-06-26/pq_171,171,2025-06-26,Robert O'Donoghue,Culture,https://data.oireachtas.ie/akn/ie/debateRecord/dail/2025-06-26/writtens/dbsect_194,https://data.oireachtas.ie/akn/ie/debateRecord/dail/2025-06-26/writtens/mul@/dbsect_194.xml,True,True,False,1,1,0,0,6,758,False,False,False,ministerial_reply_present,,"Minister for Culture, Communications and Sport I have been advised by National Broadband Ireland (NBI) that over 41,164 premises are now passed with a high-speed fibre broadband network and 45,746 available to order/pre-order in County Cork, with 14,429 premises now connected. A further circa 40,830 premises in County Cork will be passed by NBI’s h"
https://data.oireachtas.ie/ie/oireachtas/question/2025-07-03/pq_333,333,2025-07-03,Séamus McGrath,Children,https://data.oireachtas.ie/akn/ie/debateRecord/dail/2025-07-03/writtens/dbsect_341,https://data.oireachtas.ie/akn/ie/debateRecord/dail/2025-07-03/writtens/mul@/dbsect_341.xml,True,True,True,1,1,0,0,6,219,False,False,False,ministerial_reply_present,,"Minister of State at the Department of Children, Disability and Equality As this question refers to service matters, I have asked the Health Service Executive (HSE) to respond to the Deputy directly as soon as possible."
https://data.oireachtas.ie/ie/oireachtas/question/2025-07-08/pq_799,799,2025-07-08,Eoghan Kenny,Health,https://data.oireachtas.ie/akn/ie/debateRecord/dail/2025-07-08/writtens/dbsect_663,https://data.oireachtas.ie/akn/ie/debateRecord/dail/2025-07-08/writtens/mul@/dbsect_663.xml,True,True,True,1,1,0,0,6,1096,False,False,False,ministerial_reply_present,,Minister of State at the Department of Health (Deputy Jennifer Murnane O'Connor) The Programme for Government ‘Securing Ireland’s Future’ reaffirms the Government’s commitment to a health led approach to drugs use. It commits to divert those found in possession of drugs for personal use to health services. The Department of Health and the Departmen
https://data.oireachtas.ie/ie/oireachtas/question/2025-07-09/pq_66,66,2025-07-09,Barry Heneghan,Education,https://data.oireachtas.ie/akn/ie/debateRecord/dail/2025-07-09/writtens/dbsect_147,https://data.oireachtas.ie/akn/ie/debateRecord/dail/2025-07-09/writtens/mul@/dbsect_147.xml,True,True,True,3,1,2,0,6,3858,True,False,False,ministerial_reply_present,Question No. 65 answered with Question No. 64. | Question No. 66 answered with Question No. 64.,"Minister for Education and Youth I propose to take Questions Nos. 64, 65 and 66 together. The primary staffing schedule is a long-standing feature of the primary allocation system which ensures fairness and transparency in the allocation of mainstream class teachers across our primary schools. It is an important feature of the primary schedule that"
https://data.oireachtas.ie/ie/oireachtas/question/2025-07-17/pq_318,318,2025-07-17,Jen Cummins,Education,https://data.oireachtas.ie/akn/ie/debateRecord/dail/2025-07-17/writtens/dbsect_329,https://data.oireachtas.ie/akn/ie/debateRecord/dail/2025-07-17/writtens/mul@/dbsect_329.xml,True,True,True,1,1,0,0,6,4056,False,False,False,ministerial_reply_present,,"Minister for Education and Youth Schools in financial difficulty are encouraged to contact my Department for advice and support. The Department is committed to offering all available and appropriate supports to schools, which may include an advance in capitation grant funding or other measures. The Department is constantly engaging with a number of"
https://data.oireachtas.ie/ie/oireachtas/question/2025-07-29/pq_1496,1496,2025-07-29,James Geoghegan,Housing,https://data.oireachtas.ie/akn/ie/debateRecord/dail/2025-07-29/writtens/dbsect_1271,https://data.oireachtas.ie/akn/ie/debateRecord/dail/2025-07-29/writtens/mul@/dbsect_1271.xml,True,True,True,1,1,0,0,6,435,False,False,False,ministerial_reply_present,,"Minister for Housing, Local Government and Heritage The Poolbeg (Irish Glass Bottle Site) Housing Consultative Forum was established by Dublin City Council to provide a forum for the mutual exchange of information between stakeholders associated with the Irish Glass Bottle site. The organisation and convening of the forum is a matter for Dublin Cit"
https://data.oireachtas.ie/ie/oireachtas/question/2025-07-29/pq_2950,2950,2025-07-29,William Aird,Health,https://data.oireachtas.ie/akn/ie/debateRecord/dail/2025-07-29/writtens/dbsect_2567,https://data.oireachtas.ie/akn/ie/debateRecord/dail/2025-07-29/writtens/mul@/dbsect_2567.xml,True,True,True,1,0,1,0,4,0,False,False,True,reply_not_received,Reply not received from Department.,
https://data.oireachtas.ie/ie/oireachtas/question/2025-07-29/pq_861,861,2025-07-29,Malcolm Byrne,Enterprise,https://data.oireachtas.ie/akn/ie/debateRecord/dail/2025-07-29/writtens/dbsect_715,https://data.oireachtas.ie/akn/ie/debateRecord/dail/2025-07-29/writtens/mul@/dbsect_715.xml,True,True,True,1,1,0,1,7,3510,False,False,False,ministerial_reply_present,,"Minister for Enterprise, Tourism and Employment Regional development is a key focus of our Programme for Government and is central to the work of my Department and our Enterprise Development Agencies. In that regard, regional development is a strategic imperative for the IDA who partners with client companies and key stakeholders in all regions in "
https://data.oireachtas.ie/ie/oireachtas/question/2025-09-08/pq_2443,2443,2025-09-08,Sorca Clarke,Health,https://data.oireachtas.ie/akn/ie/debateRecord/dail/2025-09-08/writtens/dbsect_2123,https://data.oireachtas.ie/akn/ie/debateRecord/dail/2025-09-08/writtens/mul@/dbsect_2123.xml,True,True,True,1,1,0,0,6,1320,False,False,False,ministerial_reply_present,,"Minister of State at the Department of Health (Deputy Mary Butler) Both I, and the Department of Health, await submission by the HSE of the Final Report by Dr. Halpin in relation to the North Kerry Lookback Review. I am closely monitoring developments in relation to Child and Adolescent Mental Health Services in North Kerry, including the timeline "
https://data.oireachtas.ie/ie/oireachtas/question/2025-09-23/pq_651,651,2025-09-23,Pádraig Rice,Health,https://data.oireachtas.ie/akn/ie/debateRecord/dail/2025-09-23/writtens/dbsect_603,https://data.oireachtas.ie/akn/ie/debateRecord/dail/2025-09-23/writtens/mul@/dbsect_603.xml,True,True,True,1,1,0,0,6,146,False,True,False,ministerial_reply_present,,"Minister for Health As this is a service matter, I have asked the Health Service Executive to respond to the Deputy directly, as soon as possible."
https://data.oireachtas.ie/ie/oireachtas/question/2025-09-30/pq_205,205,2025-09-30,Ken O'Flynn,Foreign,https://data.oireachtas.ie/akn/ie/debateRecord/dail/2025-09-30/writtens/dbsect_143,https://data.oireachtas.ie/akn/ie/debateRecord/dail/2025-09-30/writtens/mul@/dbsect_143.xml,True,True,True,3,1,0,0,6,4372,True,False,False,ministerial_reply_present,,"Tánaiste and Minister for Foreign Affairs and Trade I propose to take Questions Nos. 202, 205 and 208 together. On 19 September, together with Hilary Benn, Secretary of State for Northern Ireland, I announced publication of an agreed Joint Framework on the Legacy of the Troubles. The Joint Framework sets out a comprehensive package aimed at providi"
https://data.oireachtas.ie/ie/oireachtas/question/2025-10-01/pq_154,154,2025-10-01,Ken O'Flynn,Agriculture,https://data.oireachtas.ie/akn/ie/debateRecord/dail/2025-10-01/writtens/dbsect_165,https://data.oireachtas.ie/akn/ie/debateRecord/dail/2025-10-01/writtens/mul@/dbsect_165.xml,True,True,True,1,1,0,0,6,568,False,False,False,ministerial_reply_present,,"Minister for Agriculture, Food and the Marine The Slaughter of Animals Act 1935 has been repealed by The Animal Health and Welfare Act 2013. Animal welfare at slaughter in the European Union is governed by Regulation 1099/2009 which is enforced under SI 292/2013 in Ireland. This Regulation has a similar requirement to minimise pain and suffering, w"
https://data.oireachtas.ie/ie/oireachtas/question/2025-10-02/pq_275,275,2025-10-02,James O'Connor,Public Expenditure,https://data.oireachtas.ie/akn/ie/debateRecord/dail/2025-10-02/writtens/dbsect_267,https://data.oireachtas.ie/akn/ie/debateRecord/dail/2025-10-02/writtens/mul@/dbsect_267.xml,True,True,True,1,1,0,0,6,2714,False,False,False,ministerial_reply_present,,"Minister of State at the Department of Public Expenditure, Infrastructure, Public Service Reform and Digitalisation Cork County Council with funding from the Office of Public Works (OPW), for nine staff for flood projects across the county, is leading the delivery of the Midleton Flood Relief Scheme and in 2017 appointed engineering and environment"
https://data.oireachtas.ie/ie/oireachtas/question/2025-10-08/pq_61,61,2025-10-08,Pádraig O'Sullivan,Housing,https://data.oireachtas.ie/akn/ie/debateRecord/dail/2025-10-08/writtens/dbsect_67,https://data.oireachtas.ie/akn/ie/debateRecord/dail/2025-10-08/writtens/mul@/dbsect_67.xml,True,True,True,1,1,0,0,6,1694,False,False,False,ministerial_reply_present,,"Minister for Housing, Local Government and Heritage (Deputy James Browne) The promotion of Modern Methods of Construction (MMC) to deliver housing is a key priority for Government. MMC boosts productivity and supports the scaling up of new housing supply. MMC is a collective term which describes a number of innovative alternatives to traditional on"
https://data.oireachtas.ie/ie/oireachtas/question/2025-10-09/pq_194,194,2025-10-09,Paul Murphy,Education,https://data.oireachtas.ie/akn/ie/debateRecord/dail/2025-10-09/writtens/dbsect_180,https://data.oireachtas.ie/akn/ie/debateRecord/dail/2025-10-09/writtens/mul@/dbsect_180.xml,True,True,True,3,1,2,0,6,2045,True,False,False,ministerial_reply_present,Question No. 194 answered with Question No. 193. | Question No. 195 answered with Question No. 193.,"Minister of State at the Department of Education and Youth I propose to take Questions Nos. 193, 194 and 195 together. This government is fully committed to supporting children with special educational needs to fulfil their full potential and the Programme for Government makes a number of commitments to deliver on this objective. The National Counc"
https://data.oireachtas.ie/ie/oireachtas/question/2025-10-15/pq_149,149,2025-10-15,Robert O'Donoghue,Education,https://data.oireachtas.ie/akn/ie/debateRecord/dail/2025-10-15/writtens/dbsect_149,https://data.oireachtas.ie/akn/ie/debateRecord/dail/2025-10-15/writtens/mul@/dbsect_149.xml,True,True,True,1,1,0,0,6,1307,False,False,False,ministerial_reply_present,,Minister of State at the Department of Education and Youth The School Transport Scheme is a significant operation managed by Bus Éireann on behalf of the Department of Education and Youth. The National Council for Special Education acts in an advisory role to the Department of Education and Youth on the suitability of placements for children with s
https://data.oireachtas.ie/ie/oireachtas/question/2025-10-15/pq_245,245,2025-10-15,Ken O'Flynn,Justice,https://data.oireachtas.ie/akn/ie/debateRecord/dail/2025-10-15/writtens/dbsect_237,https://data.oireachtas.ie/akn/ie/debateRecord/dail/2025-10-15/writtens/mul@/dbsect_237.xml,True,True,True,1,1,0,0,6,4562,False,False,False,ministerial_reply_present,,"Minister for Justice, Home Affairs and Migration It is a central priority for me that Ireland’s immigration system is robust and rules based. Returning people who do not have permission to remain in Ireland is undertaken through voluntary returns and deportation. Both types of returns are essential for the system to work effectively and to ensure t"
https://data.oireachtas.ie/ie/oireachtas/question/2025-10-15/pq_307,307,2025-10-15,Albert Dolan,Health,https://data.oireachtas.ie/akn/ie/debateRecord/dail/2025-10-15/writtens/dbsect_295,https://data.oireachtas.ie/akn/ie/debateRecord/dail/2025-10-15/writtens/mul@/dbsect_295.xml,True,True,True,1,1,0,0,6,192,False,False,False,ministerial_reply_present,,Minister for Health (Deputy Jennifer Carroll MacNeill) Prompt payment reports from Q2 2019 through to Q4 2020 are available at the following link Department of Health Prompt Payment – Agencies
https://data.oireachtas.ie/ie/oireachtas/question/2025-10-15/pq_43,43,2025-10-15,Pa Daly,Climate,https://data.oireachtas.ie/akn/ie/debateRecord/dail/2025-10-15/writtens/dbsect_69,https://data.oireachtas.ie/akn/ie/debateRecord/dail/2025-10-15/writtens/mul@/dbsect_69.xml,True,True,True,1,1,0,0,6,1889,False,False,False,ministerial_reply_present,,"Minister for Climate, Energy and the Environment The Programme for Government commits to promoting the Small-Scale Renewable Electricity Support Scheme (SRESS) to simplify market access for community, SME and farmer-owned solar and wind projects. The first phase of SRESS was launched in July 2023, which, along with the Microgeneration Support Schem"
https://data.oireachtas.ie/ie/oireachtas/question/2025-10-16/pq_17,17,2025-10-16,Paul Murphy,Further and Higher Education,https://data.oireachtas.ie/akn/ie/debateRecord/dail/2025-10-16/writtens/dbsect_53,https://data.oireachtas.ie/akn/ie/debateRecord/dail/2025-10-16/writtens/mul@/dbsect_53.xml,True,True,True,1,1,0,0,6,2295,False,False,False,ministerial_reply_present,,"Minister for Further and Higher Education, Research, Innovation and Science As part of Budget 2026, I am introducing a permanent reduction of €500 in the Student Contribution charge. This flat rate reduction will reduce the rate from €3,000 to €2,500. This is the first permanent cut since free fees were introduced in 1995. It will benefit around 10"
https://data.oireachtas.ie/ie/oireachtas/question/2025-10-21/pq_153,153,2025-10-21,Sinéad Gibney,Foreign,https://data.oireachtas.ie/akn/ie/debateRecord/dail/2025-10-21/writtens/dbsect_109,https://data.oireachtas.ie/akn/ie/debateRecord/dail/2025-10-21/writtens/mul@/dbsect_109.xml,True,True,True,2,1,1,0,7,2503,True,False,False,ministerial_reply_present,Question No. 154 answered with Question No. 153.,Minister for Foreign Affairs and Trade (Deputy Simon Harris) I propose to take Question No 153 and Question No 154 together. The European Commission presented its final package on the EU-Mercosur Partnership Agreement on 3 September for onward adoption and approval by the Council of the European Union and European Parliament. The package includes t
https://data.oireachtas.ie/ie/oireachtas/question/2025-11-04/pq_1185,1185,2025-11-04,Ruth Coppinger,Social,https://data.oireachtas.ie/akn/ie/debateRecord/dail/2025-11-04/writtens/dbsect_1025,https://data.oireachtas.ie/akn/ie/debateRecord/dail/2025-11-04/writtens/mul@/dbsect_1025.xml,True,True,True,1,1,0,0,6,1038,False,False,False,ministerial_reply_present,,"Minister for Social Protection Disability Allowance (DA) is a weekly allowance paid to people with a specified disability who are aged 16 or over and under the age of 66. This disability must be expected to last for at least one year and the allowance is subject to a medical assessment, a means test and the habitual residency conditions. I can conf"
https://data.oireachtas.ie/ie/oireachtas/question/2025-11-04/pq_1203,1203,2025-11-04,Sean Fleming,Social,https://data.oireachtas.ie/akn/ie/debateRecord/dail/2025-11-04/writtens/dbsect_1041,https://data.oireachtas.ie/akn/ie/debateRecord/dail/2025-11-04/writtens/mul@/dbsect_1041.xml,True,True,False,1,1,0,0,6,482,False,False,False,ministerial_reply_present,,"Minister for Social Protection A state pension (non-contributory) application form was received from the person concerned on 6 October 2025. The case is currently assigned to a Social Welfare Inspector to establish their means. The person concerned has been invited to meet with the inspector on 3 November 2025. On receipt of the Inspector’s report,"
https://data.oireachtas.ie/ie/oireachtas/question/2025-11-12/pq_205,205,2025-11-12,Michael Healy-Rae,Foreign,https://data.oireachtas.ie/akn/ie/debateRecord/dail/2025-11-12/writtens/dbsect_164,https://data.oireachtas.ie/akn/ie/debateRecord/dail/2025-11-12/writtens/mul@/dbsect_164.xml,True,True,True,1,1,0,0,6,1635,False,False,False,ministerial_reply_present,,"Tánaiste and Minister for Foreign Affairs and Trade My Department is responsible for processing Foreign Birth Registration (FBR) applications for people who are born abroad and claim Irish citizenship through a grandparent born in Ireland or through a parent who has claimed citizenship also through FBR or Naturalisation. Foreign Birth Registration,"
https://data.oireachtas.ie/ie/oireachtas/question/2025-11-13/pq_352,352,2025-11-13,Ken O'Flynn,Social,https://data.oireachtas.ie/akn/ie/debateRecord/dail/2025-11-13/writtens/dbsect_353,https://data.oireachtas.ie/akn/ie/debateRecord/dail/2025-11-13/writtens/mul@/dbsect_353.xml,True,True,False,1,1,0,0,6,2852,False,False,False,ministerial_reply_present,,"Minister for Social Protection Matters relating to foster carers, including foster care allowance, are the responsibility of my colleague, the Minister for Children, Disability and Equality. This Government acknowledges the important role that carers, including foster carers, play and remains fully committed to supporting them. The State Pension (C"
https://data.oireachtas.ie/ie/oireachtas/question/2025-11-18/pq_648,648,2025-11-18,Ken O'Flynn,Housing,https://data.oireachtas.ie/akn/ie/debateRecord/dail/2025-11-18/writtens/dbsect_521,https://data.oireachtas.ie/akn/ie/debateRecord/dail/2025-11-18/writtens/mul@/dbsect_521.xml,True,True,True,1,1,1,0,6,1425,True,False,False,ministerial_reply_present,Question No. 649 answered with Question No. 539.,"Minister for Housing, Local Government and Heritage The Programme for Government commits to building on the successes of Housing for All and ramping up supply to deliver over 300,000 homes between 2025 and 2030. This is now supported by the new National Housing plan Delivering Homes, Building Communities which includes further measures to stimulate"
https://data.oireachtas.ie/ie/oireachtas/question/2025-12-09/pq_185,185,2025-12-09,Emer Currie,Transport,https://data.oireachtas.ie/akn/ie/debateRecord/dail/2025-12-09/writtens/dbsect_176,https://data.oireachtas.ie/akn/ie/debateRecord/dail/2025-12-09/writtens/mul@/dbsect_176.xml,True,True,True,1,1,1,0,6,1463,False,True,False,ministerial_reply_present,A referred reply was forwarded to the Deput y under Standing Orders.,"Minister for Transport As the Minister for Transport, I have responsibility for policy and overall funding in relation to public transport; however, I am not involved in the day-to-day operations of public transport. From a policy perspective, I wish to advise the Deputy that the Department of An Taoiseach has established a unit within its departme"
https://data.oireachtas.ie/ie/oireachtas/question/2025-12-09/pq_23,23,2025-12-09,Paul Lawless,Finance,https://data.oireachtas.ie/akn/ie/debateRecord/dail/2025-12-09/writtens/dbsect_43,https://data.oireachtas.ie/akn/ie/debateRecord/dail/2025-12-09/writtens/mul@/dbsect_43.xml,True,True,True,1,1,1,0,6,1841,False,False,False,ministerial_reply_present,Question No. 24 taken with No. 18.,"Tánaiste and Minister for Finance The Future Ireland Fund (FIF) and the Infrastructure, Climate and Nature Fund (ICNF) were established by the Future Ireland Fund and Infrastructure Climate and Nature Fund Act in 2024 to address future challenges, particularly those associated with demographics, digitalisation, decarbonisation and de-globalisation."
https://data.oireachtas.ie/ie/oireachtas/question/2025-12-10/pq_201,201,2025-12-10,Naoise Ó Muirí,Education,https://data.oireachtas.ie/akn/ie/debateRecord/dail/2025-12-10/writtens/dbsect_168,https://data.oireachtas.ie/akn/ie/debateRecord/dail/2025-12-10/writtens/mul@/dbsect_168.xml,True,True,True,1,1,0,0,6,3396,False,False,False,ministerial_reply_present,,"Minister for Education and Youth My Department works closely with school patrons in order to ensure that there are sufficient school places available for all children in Westport each September. In order to cater for Westport’s longer-term educational provision at post primary level, my Department is investing in two substantial capital projects in"
https://data.oireachtas.ie/ie/oireachtas/question/2025-12-18/pq_718,718,2025-12-18,Ken O'Flynn,Health,https://data.oireachtas.ie/akn/ie/debateRecord/dail/2025-12-18/writtens/dbsect_687,https://data.oireachtas.ie/akn/ie/debateRecord/dail/2025-12-18/writtens/mul@/dbsect_687.xml,True,True,True,1,1,0,0,6,146,False,True,False,ministerial_reply_present,,"Minister for Health As this is a service matter, I have asked the Health Service Executive to respond to the Deputy directly, as soon as possible."
https://data.oireachtas.ie/ie/oireachtas/question/2026-01-13/pq_143,143,2026-01-13,Naoise Ó Cearúil,Enterprise,https://data.oireachtas.ie/akn/ie/debateRecord/dail/2026-01-13/writtens/dbsect_61,https://data.oireachtas.ie/akn/ie/debateRecord/dail/2026-01-13/writtens/mul@/dbsect_61.xml,True,True,True,1,1,0,0,6,2202,False,False,False,ministerial_reply_present,,"Minister of State at the Department of Enterprise, Tourism and Employment The Government's Action Plan on Market Diversification sets out a path to support Irish businesses to adapt to the global trading environment by striking out into new and diverse markets while deepening their engagement in existing markets. As a global and open trading econom"
https://data.oireachtas.ie/ie/oireachtas/question/2026-01-13/pq_434,434,2026-01-13,Ken O'Flynn,Defence,https://data.oireachtas.ie/akn/ie/debateRecord/dail/2026-01-13/writtens/dbsect_288,https://data.oireachtas.ie/akn/ie/debateRecord/dail/2026-01-13/writtens/mul@/dbsect_288.xml,True,True,True,1,1,0,0,6,2743,False,False,False,ministerial_reply_present,,"Minister for Defence I would like to assure the Deputy that attracting and retaining talented individuals and encouraging them to stay and enjoy a fruitful career in the Defence Forces is a priority. One of the key indicators of progress is a reduction in attrition rates. In this regard, significant work has been undertaken over the past five years"
https://data.oireachtas.ie/ie/oireachtas/question/2026-01-13/pq_930,930,2026-01-13,Michael Cahill,Public Expenditure,https://data.oireachtas.ie/akn/ie/debateRecord/dail/2026-01-13/writtens/dbsect_637,https://data.oireachtas.ie/akn/ie/debateRecord/dail/2026-01-13/writtens/mul@/dbsect_637.xml,True,True,True,4,1,4,1,6,3978,True,False,False,ministerial_reply_present,Question No. 929 answered with Question No. 923. | Question No. 930 answered with Question No. 928. | Question No. 931 answered with Question No. 928. | Question No. 932 answered with Question No. 928.,"Minister of State at the Department of Public Expenditure, National Development Plan Delivery and Reform I propose to take Questions Nos. 928 and 930 to 932, inclusive, together. Local coastal erosion and flooding issues are a matter, in the first instance, for each local authority to investigate and address. The OPW is working closely with Kerry C"
https://data.oireachtas.ie/ie/oireachtas/question/2026-01-20/pq_402,402,2026-01-20,Jennifer Whitmore,Finance,https://data.oireachtas.ie/akn/ie/debateRecord/dail/2026-01-20/writtens/dbsect_262,https://data.oireachtas.ie/akn/ie/debateRecord/dail/2026-01-20/writtens/mul@/dbsect_262.xml,True,True,True,2,1,0,0,6,3420,True,False,False,ministerial_reply_present,,"Tánaiste and Minister for Finance I propose to take Questions Nos. 378 and 402 together. The Disabled Drivers & Disabled Passengers Scheme (DDS) provides relief from VRT and VAT on an adapted car, as well as an exemption from motor tax and an annual fuel grant. The Scheme is open to severely and permanently disabled persons as defined, as a driver "
https://data.oireachtas.ie/ie/oireachtas/question/2026-01-28/pq_114,114,2026-01-28,Ivana Bacik,Social,https://data.oireachtas.ie/akn/ie/debateRecord/dail/2026-01-28/writtens/dbsect_136,https://data.oireachtas.ie/akn/ie/debateRecord/dail/2026-01-28/writtens/mul@/dbsect_136.xml,True,True,True,1,1,0,0,6,4596,False,False,False,ministerial_reply_present,,"Minister for Social Protection The State Pension (Contributory) (SPC) is funded from the Social Insurance Fund through the contributions paid by workers. The rate of payment reflects the number of social insurance contributions paid over a working life. Eligibility for SPC is based on a number of criteria: • Being aged 66 or over, • Having entered "
https://data.oireachtas.ie/ie/oireachtas/question/2026-01-28/pq_82,82,2026-01-28,Réada Cronin,Education,https://data.oireachtas.ie/akn/ie/debateRecord/dail/2026-01-28/writtens/dbsect_111,https://data.oireachtas.ie/akn/ie/debateRecord/dail/2026-01-28/writtens/mul@/dbsect_111.xml,True,True,True,1,1,0,0,6,3269,False,False,False,ministerial_reply_present,,Minister for Education and Youth I wish to advise the Deputy that two interim modular units were recently approved for the school referred to pending the delivery of the school's large scale major project. The project referred to by the Deputy is part of a campus project that has been devolved for delivery to the National Development Finance Agency
https://data.oireachtas.ie/ie/oireachtas/question/2026-02-05/pq_358,358,2026-02-05,Malcolm Byrne,Children,https://data.oireachtas.ie/akn/ie/debateRecord/dail/2026-02-05/writtens/dbsect_324,https://data.oireachtas.ie/akn/ie/debateRecord/dail/2026-02-05/writtens/mul@/dbsect_324.xml,True,True,True,2,1,1,0,6,4548,True,False,False,ministerial_reply_present,Question No. 359 answered with Question No. 358.,"Minister for Children, Disability and Equality I propose to take Questions Nos. 358 and 359 together. The delivery of an effective, efficient Assessment of Need system is a priority for the Government. There has been intensive work by the Department of Children, Disability and Equality and the HSE to address delays in the provision of Assessments o"
https://data.oireachtas.ie/ie/oireachtas/question/2026-02-10/pq_1155,1155,2026-02-10,Darren O'Rourke,Health,https://data.oireachtas.ie/akn/ie/debateRecord/dail/2026-02-10/writtens/dbsect_850,https://data.oireachtas.ie/akn/ie/debateRecord/dail/2026-02-10/writtens/mul@/dbsect_850.xml,True,True,True,1,1,0,0,6,136,False,True,False,ministerial_reply_present,,"Minister for Health As this is a service matter, I have asked the Health Service Executive to respond to the Deputy as soon as possible."
https://data.oireachtas.ie/ie/oireachtas/question/2026-02-17/pq_671,671,2026-02-17,Eoin Ó Broin,Education,https://data.oireachtas.ie/akn/ie/debateRecord/dail/2026-02-17/writtens/dbsect_452,https://data.oireachtas.ie/akn/ie/debateRecord/dail/2026-02-17/writtens/mul@/dbsect_452.xml,True,True,True,3,1,2,0,6,2761,True,False,False,ministerial_reply_present,Question No. 671 answered with Question No. 670. | Question No. 672 answered with Question No. 670.,"Minister of State at the Department of Education and Youth I propose to take Questions Nos. 670, 671 and 672 together. This government is fully committed to supporting students with special educational needs to fulfil their full potential and the Programme for Government makes a number of commitments to deliver on this objective. In order to suppor"
https://data.oireachtas.ie/ie/oireachtas/question/2026-02-18/pq_178,178,2026-02-18,Barry Ward,Education,https://data.oireachtas.ie/akn/ie/debateRecord/dail/2026-02-18/writtens/dbsect_196,https://data.oireachtas.ie/akn/ie/debateRecord/dail/2026-02-18/writtens/mul@/dbsect_196.xml,True,True,True,7,1,6,0,6,2671,True,False,False,ministerial_reply_present,Question No. 177 answered with Question No. 176. | Question No. 178 answered with Question No. 176. | Question No. 179 answered with Question No. 176. | Question No. 180 answered with Question No. 176. | Question No. 181 answered with Question No. 176. | Question No. 182 answered with Question No. 176.,"Minister of State at the Department of Education and Youth I propose to take Questions Nos. 176 to 182, inclusive, together. The National Council for Special Education (NCSE) has responsibility for coordinating and advising on the education provision and care support for children and young people with special educational needs in our schools, inclu"
https://data.oireachtas.ie/ie/oireachtas/question/2026-02-25/pq_215,215,2026-02-25,Roderic O'Gorman,Agriculture,https://data.oireachtas.ie/akn/ie/debateRecord/dail/2026-02-25/writtens/dbsect_250,https://data.oireachtas.ie/akn/ie/debateRecord/dail/2026-02-25/writtens/mul@/dbsect_250.xml,True,True,False,1,1,0,0,6,612,False,False,False,ministerial_reply_present,,"Minister of State at the Department of Agriculture, Food and the Marine Ireland's €258 million Seafood Development Programme, which is co-funded by the Irish Government and the EU, funded under the EMFAF and is the primary funding package for the commercial seafood sector in Ireland in the period 2021-2027. This includes providing supports to the M"
https://data.oireachtas.ie/ie/oireachtas/question/2026-02-26/pq_30,30,2026-02-26,Naoise Ó Cearúil,Social,https://data.oireachtas.ie/akn/ie/debateRecord/dail/2026-02-26/writtens/dbsect_63,https://data.oireachtas.ie/akn/ie/debateRecord/dail/2026-02-26/writtens/mul@/dbsect_63.xml,True,True,True,3,1,0,0,8,2094,True,False,False,ministerial_reply_present,,"Minister for Social Protection I propose to take Questions Nos. 30, 69 and 84 together. The carer’s allowance is the main scheme by which my department provides income support to carers. Expenditure on carer’s allowance in 2026 is estimated to exceed €1.4 billion. At the end of January there were more than 105,000 carers receiving this payment. The"
https://data.oireachtas.ie/ie/oireachtas/question/2026-03-03/pq_919,919,2026-03-03,Ken O'Flynn,Health,https://data.oireachtas.ie/akn/ie/debateRecord/dail/2026-03-03/writtens/dbsect_705,https://data.oireachtas.ie/akn/ie/debateRecord/dail/2026-03-03/writtens/mul@/dbsect_705.xml,True,True,True,1,0,2,0,4,0,True,False,True,reply_not_received,Question No. 920 answered with Question No. 917. | Question No. 921 answered with Question No. 918.,
https://data.oireachtas.ie/ie/oireachtas/question/2026-03-03/pq_924,924,2026-03-03,Sean Fleming,Health,https://data.oireachtas.ie/akn/ie/debateRecord/dail/2026-03-03/writtens/dbsect_708,https://data.oireachtas.ie/akn/ie/debateRecord/dail/2026-03-03/writtens/mul@/dbsect_708.xml,True,True,True,1,1,0,0,6,942,False,False,False,ministerial_reply_present,,"Minister for Health The proposed Public Health (Tobacco Products and Nicotine Inhaling Products) (Amendment) Bill will introduce restrictions on the flavours and descriptors for nicotine inhaling products, by regulating the flavour names which can be used.The proposals take into consideration the population-level impact of vaping and the need for a"
https://data.oireachtas.ie/ie/oireachtas/question/2026-03-18/pq_1049,1049,2026-03-18,Rory Hearne,Housing,https://data.oireachtas.ie/akn/ie/debateRecord/dail/2026-03-18/writtens/dbsect_864,https://data.oireachtas.ie/akn/ie/debateRecord/dail/2026-03-18/writtens/mul@/dbsect_864.xml,True,True,True,4,1,3,0,6,3815,True,False,False,ministerial_reply_present,Question No. 1050 answered with Question No. 1049. | Question No. 1051 answered with Question No. 1049. | Question No. 1052 answered with Question No. 1049.,"Minister for Housing, Local Government and Heritage I propose to take Questions Nos. 1049, 1050, 1051 and 1052 together. My Department jointly published the National Housing Strategy for Disabled People (NHSDP) 2022-2027 and Implementation Plan with the Department of Health and the Department of Children, Disability, and Equality. The Strategy and "
https://data.oireachtas.ie/ie/oireachtas/question/2026-03-24/pq_676,676,2026-03-24,George Lawlor,Social,https://data.oireachtas.ie/akn/ie/debateRecord/dail/2026-03-24/writtens/dbsect_427,https://data.oireachtas.ie/akn/ie/debateRecord/dail/2026-03-24/writtens/mul@/dbsect_427.xml,True,True,True,1,1,0,1,6,548,False,False,False,ministerial_reply_present,,Minister for Social Protection The number of WTE Medical Assessors on 1st April 2023 is 30 whereas the number is 31 is the current complement on the 16th March 2026.Below is the tabular form for 2023 and 2026. ----- WTE Q1 2023 30 Q1 2026 31 Medical Review and Assessment Service are actively recruiting new Medical Assessors where a panel of success
https://data.oireachtas.ie/ie/oireachtas/question/2026-03-26/pq_386,386,2026-03-26,Keira Keogh,Agriculture,https://data.oireachtas.ie/akn/ie/debateRecord/dail/2026-03-26/writtens/dbsect_362,https://data.oireachtas.ie/akn/ie/debateRecord/dail/2026-03-26/writtens/mul@/dbsect_362.xml,True,True,True,1,1,0,0,6,2690,False,False,False,ministerial_reply_present,,"Minister of State at the Department of Agriculture, Food and the Marine My Department has responsibility for the licencing of aquaculture operations, including those engaging in seaweed cultivation, and as the Competent Authority under the EU Organic Regulations 2018/848, has supervision of the framework for organic certification of harvested seawe"
https://data.oireachtas.ie/ie/oireachtas/question/2026-04-14/pq_3084,3084,2026-04-14,Cian O'Callaghan,Health,https://data.oireachtas.ie/akn/ie/debateRecord/dail/2026-04-14/writtens/dbsect_2310,https://data.oireachtas.ie/akn/ie/debateRecord/dail/2026-04-14/writtens/mul@/dbsect_2310.xml,True,True,False,1,1,0,0,6,103,False,True,False,ministerial_reply_present,,Minister for Health The Department have asked the HSE to respond to the Deputy directly on this matter.
https://data.oireachtas.ie/ie/oireachtas/question/2026-04-15/pq_348,348,2026-04-15,Sorca Clarke,Health,https://data.oireachtas.ie/akn/ie/debateRecord/dail/2026-04-15/writtens/dbsect_235,https://data.oireachtas.ie/akn/ie/debateRecord/dail/2026-04-15/writtens/mul@/dbsect_235.xml,True,True,True,1,1,0,0,6,136,False,True,False,ministerial_reply_present,,"Minister for Health As this is a service matter, I have asked the Health Service Executive to respond to the Deputy as soon as possible."
https://data.oireachtas.ie/ie/oireachtas/question/2026-04-21/pq_797,797,2026-04-21,Ken O'Flynn,Health,https://data.oireachtas.ie/akn/ie/debateRecord/dail/2026-04-21/writtens/dbsect_608,https://data.oireachtas.ie/akn/ie/debateRecord/dail/2026-04-21/writtens/mul@/dbsect_608.xml,True,True,True,3,1,0,0,6,206,True,True,False,ministerial_reply_present,,"Minister for Health I propose to take Questions Nos. 761, 797 and 815 together. As this is a service matter, I have asked the Health Service Executive to respond to the Deputy directly, as soon as possible."
https://data.oireachtas.ie/ie/oireachtas/question/2026-04-23/pq_322,322,2026-04-23,Emer Currie,Transport,https://data.oireachtas.ie/akn/ie/debateRecord/dail/2026-04-23/writtens/dbsect_349,https://data.oireachtas.ie/akn/ie/debateRecord/dail/2026-04-23/writtens/mul@/dbsect_349.xml,True,True,False,1,1,1,0,6,1015,False,True,False,ministerial_reply_present,A referred reply was forwarded to the Deputy under Standing Orders.,"Minister of State at the Department of Transport Under the Road Safety Authority Act 2006, the Road Safety Authority (RSA) has statutory responsibility for the National Driver Testing Service. Therefore, the information requested by the Deputy is held by the Authority. Given the RSA's responsibility in this matter, I have referred the Deputy's ques"
https://data.oireachtas.ie/ie/oireachtas/question/2026-04-23/pq_81,81,2026-04-23,Jen Cummins,Education,https://data.oireachtas.ie/akn/ie/debateRecord/dail/2026-04-23/writtens/dbsect_133,https://data.oireachtas.ie/akn/ie/debateRecord/dail/2026-04-23/writtens/mul@/dbsect_133.xml,True,True,True,1,1,0,0,6,1641,False,False,False,ministerial_reply_present,,Minister of State at the Department of Education and Youth The Assessment of Need (AON) process is provided for under the Disability Act 2005 and is under the remit of the Health Service Executive (HSE). Assessment Officers working under the remit of the HSE are charged with organising the process which results in an Assessment of Need. The Assessm
https://data.oireachtas.ie/ie/oireachtas/question/2026-04-28/pq_147,147,2026-04-28,Paula Butterly,Enterprise,https://data.oireachtas.ie/akn/ie/debateRecord/dail/2026-04-28/writtens/dbsect_58,https://data.oireachtas.ie/akn/ie/debateRecord/dail/2026-04-28/writtens/mul@/dbsect_58.xml,True,True,True,1,1,0,0,6,3750,False,False,False,ministerial_reply_present,,"Minister for Enterprise, Tourism and Employment Balanced regional development is a key focus of the work of my Department and our Enterprise Development Agencies. In this regard, IDA Ireland is continuing its strong commitment to promoting FDI in regional locations as part of its 2025–29 strategy, Adapt Intelligently, and is targeting 550, or 55%, "
https://data.oireachtas.ie/ie/oireachtas/question/2026-05-12/pq_1285,1285,2026-05-12,Malcolm Byrne,Further and Higher Education,https://data.oireachtas.ie/akn/ie/debateRecord/dail/2026-05-12/writtens/dbsect_980,https://data.oireachtas.ie/akn/ie/debateRecord/dail/2026-05-12/writtens/mul@/dbsect_980.xml,True,True,True,1,1,0,0,6,96,False,False,False,ministerial_reply_present,,"Minister for Further and Higher Education, Research, Innovation and Science [Attachment omitted]"
https://data.oireachtas.ie/ie/oireachtas/question/2026-05-12/pq_196,196,2026-05-12,Peter 'Chap' Cleere,Further and Higher Education,https://data.oireachtas.ie/akn/ie/debateRecord/dail/2026-05-12/writtens/dbsect_79,https://data.oireachtas.ie/akn/ie/debateRecord/dail/2026-05-12/writtens/mul@/dbsect_79.xml,True,True,True,1,1,0,0,6,1637,False,False,False,ministerial_reply_present,,"Minister for Further and Higher Education, Research, Innovation and Science Significant capital investment was secured under the National Development Plan for the FET College Major Capital Programme which is a key commitment in the Programme for Government. Twelve of the ETBs are progressing projects under the programme, including Kilkenny and Carl"
https://data.oireachtas.ie/ie/oireachtas/question/2026-05-12/pq_930,930,2026-05-12,Ken O'Flynn,Children,https://data.oireachtas.ie/akn/ie/debateRecord/dail/2026-05-12/writtens/dbsect_656,https://data.oireachtas.ie/akn/ie/debateRecord/dail/2026-05-12/writtens/mul@/dbsect_656.xml,True,True,True,5,1,0,0,6,4658,True,False,False,ministerial_reply_present,,"Minister for Children, Disability and Equality I propose to take Questions Nos. 927, 929, 930, 931 and 932 together. Tusla, the Child and Family Agency, is required by law to be independent in its work as set out in Section 8 (11) of the Child and Family Agency Act. It would be inappropriate for the Department to interfere with the professional jud"
https://data.oireachtas.ie/ie/oireachtas/question/2026-05-13/pq_155,155,2026-05-13,Peadar Tóibín,Justice,https://data.oireachtas.ie/akn/ie/debateRecord/dail/2026-05-13/writtens/dbsect_195,https://data.oireachtas.ie/akn/ie/debateRecord/dail/2026-05-13/writtens/mul@/dbsect_195.xml,True,True,True,4,1,3,0,7,4581,True,False,False,ministerial_reply_present,Question No. 155 answered with Question No. 154. | Question No. 156 answered with Question No. 154. | Question No. 157 answered with Question No. 154.,"Minister for Justice, Home Affairs and Migration I propose to take Questions Nos. 154, 155, 156 and 157 together. It is a central priority for me that Ireland’s immigration system is robust and rules based. The enforcement aspects of our laws, including deportation orders, are an essential requirement for the system to work effectively and to ensur"
https://data.oireachtas.ie/ie/oireachtas/question/2026-05-14/pq_481,481,2026-05-14,Ken O'Flynn,Children,https://data.oireachtas.ie/akn/ie/debateRecord/dail/2026-05-14/writtens/dbsect_373,https://data.oireachtas.ie/akn/ie/debateRecord/dail/2026-05-14/writtens/mul@/dbsect_373.xml,True,True,True,1,1,0,0,6,2611,False,False,False,ministerial_reply_present,,"Minister for Children, Disability and Equality As set out in legislation (Child and Family Agency Act, 2013), Tusla is independent in the performance of its functions, including management of Child Protection and Welfare cases. This includes the decision to reopen a case. Oversight, governance and implementation of internal case management systems "
https://data.oireachtas.ie/ie/oireachtas/question/2026-05-26/pq_1504,1504,2026-05-26,Sean Fleming,Further and Higher Education,https://data.oireachtas.ie/akn/ie/debateRecord/dail/2026-05-26/writtens/dbsect_1109,https://data.oireachtas.ie/akn/ie/debateRecord/dail/2026-05-26/writtens/mul@/dbsect_1109.xml,True,True,False,1,1,0,0,6,2364,False,False,False,ministerial_reply_present,,"Minister for Further and Higher Education, Research, Innovation and Science My Department prioritises the inclusion of learners with additional needs across further and higher education. This work aligns with the Programme for Government, the National Human Rights Strategy for Disabled People 2025–2030, and the Further Education and Training (FET) "
https://data.oireachtas.ie/ie/oireachtas/question/2026-05-26/pq_210,210,2026-05-26,Michael Cahill,Finance,https://data.oireachtas.ie/akn/ie/debateRecord/dail/2026-05-26/writtens/dbsect_91,https://data.oireachtas.ie/akn/ie/debateRecord/dail/2026-05-26/writtens/mul@/dbsect_91.xml,True,True,True,2,1,0,0,7,2711,True,False,False,ministerial_reply_present,,"Tánaiste and Minister for Finance I propose to take Questions Nos. 191 and 210 together. Capital Acquisitions Tax (CAT) is a tax which applies to both gifts and inheritances and is charged at a rate of 33%. For CAT purposes, the relationship between the person giving a gift or inheritance and the person who receives it determines the maximum amount"
https://data.oireachtas.ie/ie/oireachtas/question/2026-05-26/pq_377,377,2026-05-26,Barry Heneghan,Transport,https://data.oireachtas.ie/akn/ie/debateRecord/dail/2026-05-26/writtens/dbsect_217,https://data.oireachtas.ie/akn/ie/debateRecord/dail/2026-05-26/writtens/mul@/dbsect_217.xml,True,True,True,5,1,5,0,6,2852,True,True,False,ministerial_reply_present,A referred reply was forwarded to the Deput y under Standing Orders. | Question No. 374 answered with Question No. 373. | Question No. 375 answered with Question No. 373. | Question No. 376 answered with Question No. 373. | Question No. 377 answered with Question No. 373.,"Minister for Transport I propose to take Questions Nos. 373, 374, 375, 376 and 377 together. As Minister for Transport, I have responsibility for policy and overall funding in relation to public transport. The National Transport Authority (NTA) has responsibility for the planning and development of public transport infrastructure, including ticketi"
https://data.oireachtas.ie/ie/oireachtas/question/2026-05-27/pq_15,15,2026-05-27,Noel McCarthy,Defence,https://data.oireachtas.ie/akn/ie/debateRecord/dail/2026-05-27/writtens/dbsect_70,https://data.oireachtas.ie/akn/ie/debateRecord/dail/2026-05-27/writtens/mul@/dbsect_70.xml,True,True,True,4,1,3,0,6,1634,True,False,False,ministerial_reply_present,Question No. 16 answered with Question No. 15. | Question No. 17 answered with Question No. 15 | Question No. 18 answered with Question No. 15.,"Minister for Defence I propose to take Questions Nos. 15, 16, 17 and 18 together. The Defence Amendment Act 2021 provides for Voluntary Supplemental Military Service (SMS), to allow Reserve Defence Force (RDF) members to undertake activities to support the Permanent Defence Force (PDF). The Act provides that members of the RDF may notify their avai"
https://data.oireachtas.ie/ie/oireachtas/question/2026-05-28/pq_341,341,2026-05-28,Cian O'Callaghan,Education,https://data.oireachtas.ie/akn/ie/debateRecord/dail/2026-05-28/writtens/dbsect_345,https://data.oireachtas.ie/akn/ie/debateRecord/dail/2026-05-28/writtens/mul@/dbsect_345.xml,True,True,True,1,1,0,0,6,1445,False,False,False,ministerial_reply_present,,"Minister for Education and Youth On 4 November 2025, my department published a 'Framework and action plan for delivery of increased choice for parents on education provision at primary level'. The main focus of this framework and action plan was an online, school-specific survey. The survey ran from 4 November to 16 December 2025. Through the surve"
https://data.oireachtas.ie/ie/oireachtas/question/2026-06-09/pq_521,521,2026-06-09,Cormac Devlin,Finance,https://data.oireachtas.ie/akn/ie/debateRecord/dail/2026-06-09/writtens/dbsect_366,https://data.oireachtas.ie/akn/ie/debateRecord/dail/2026-06-09/writtens/mul@/dbsect_366.xml,True,True,True,3,1,1,0,6,4427,True,False,False,ministerial_reply_present,Question No. 522 answered with Question No. 521.,"Tánaiste and Minister for Finance I propose to take Questions Nos. 521, 522 and 523 together. Broadly speaking, a gift or inheritance is chargeable to Capital Acquisitions Tax (CAT) in Ireland where: • the disponer was resident or ordinarily resident in the State at the date of the disposition, • the beneficiary was resident or ordinarily resident "
https://data.oireachtas.ie/ie/oireachtas/question/2026-06-23/pq_223,223,2026-06-23,Peter Roche,Finance,https://data.oireachtas.ie/akn/ie/debateRecord/dail/2026-06-23/writtens/dbsect_229,https://data.oireachtas.ie/akn/ie/debateRecord/dail/2026-06-23/writtens/mul@/dbsect_229.xml,True,True,True,10,1,9,1,7,3541,True,False,False,ministerial_reply_present,Question No. 219 answered with Question No. 218. | Question No. 220 answered with Question No. 218. | Question No. 221 answered with Question No. 218. | Question No. 222 answered with Question No. 218. | Question No. 223 answered with Question No. 218. | Question No. 224 answered with Question No. 218. | Question No. 225 answered with Question No. 218. | Question No. 226 answered with Question No. 218. | Question No. 227 answered with Question No. 218.,"Tánaiste and Minister for Finance I propose to take Questions Nos. 218, 219, 220, 221, 222, 223, 224, 225, 226 and 227 together. The Deputy should note at the outset that it is a legislative requirement that the Disabled Drivers Medical Board of Appeal (DDMBA) is independent in the exercise of its functions and it is a matter for the Board to deter"
https://data.oireachtas.ie/ie/oireachtas/question/2026-07-02/pq_49,49,2026-07-02,Matt Carthy,Foreign,https://data.oireachtas.ie/akn/ie/debateRecord/dail/2026-07-02/writtens/dbsect_78,https://data.oireachtas.ie/akn/ie/debateRecord/dail/2026-07-02/writtens/mul@/dbsect_78.xml,True,True,True,3,1,0,0,7,3088,True,False,False,ministerial_reply_present,,"Minister for Foreign Affairs and Trade I propose to take Questions Nos. 49, 59 and 76 together. The Programme for Government, published in January 2025, stated that the Government would work with like-minded EU countries to stand up for Irish farmers and defend our interests in opposing the current Mercosur trade deal. On 9 January 2026, EU Member "
https://data.oireachtas.ie/ie/oireachtas/question/2026-07-07/pq_897,897,2026-07-07,Donna McGettigan,Further and Higher Education,https://data.oireachtas.ie/akn/ie/debateRecord/dail/2026-07-07/writtens/dbsect_823,https://data.oireachtas.ie/akn/ie/debateRecord/dail/2026-07-07/writtens/mul@/dbsect_823.xml,True,True,True,1,1,0,0,6,1713,False,False,False,ministerial_reply_present,,"Minister for Further and Higher Education, Research, Innovation and Science The HEA has managed two national calls under the Senior Academic Leadership Initiative on behalf of DFHERIS. Following two competitive calls for applications, 20 posts were awarded to successful higher education institutions in 2020 and a further 10 posts were awarded in 20"
https://data.oireachtas.ie/ie/oireachtas/question/2026-07-09/pq_476,476,2026-07-09,Paul Murphy,Health,https://data.oireachtas.ie/akn/ie/debateRecord/dail/2026-07-09/writtens/dbsect_479,https://data.oireachtas.ie/akn/ie/debateRecord/dail/2026-07-09/writtens/mul@/dbsect_479.xml,True,True,True,1,1,0,0,6,888,False,False,False,ministerial_reply_present,,"Minister for Health The Taoiseach met with health unions on Thursday, 30 April. Following that engagement, the Taoiseach has asked the HSE to ensure that management discretion under the Critical Illness Protocol is actively and compassionately applied in cases involving long COVID, so that staff continue to be supported while Government considers w"
https://data.oireachtas.ie/ie/oireachtas/question/2026-07-09/pq_67,67,2026-07-09,Ruairí Ó Murchú,Agriculture,https://data.oireachtas.ie/akn/ie/debateRecord/dail/2026-07-09/writtens/dbsect_101,https://data.oireachtas.ie/akn/ie/debateRecord/dail/2026-07-09/writtens/mul@/dbsect_101.xml,True,True,True,1,1,0,0,6,521,False,False,False,ministerial_reply_present,,"Minister for Agriculture, Food and the Marine Taxation policy is the responsibility of the Minister for Finance. However, we work closely to ensure taxation policy is consistent with Government priorities for the agri-food sector. In advance of the Budget, I make an annual submission to the Minister for Finance on taxation issues, including renewal"
https://data.oireachtas.ie/ie/oireachtas/question/2026-07-28/pq_3384,3384,2026-07-28,Donna McGettigan,Health,https://data.oireachtas.ie/akn/ie/debateRecord/dail/2026-07-28/writtens/dbsect_2754,https://data.oireachtas.ie/akn/ie/debateRecord/dail/2026-07-28/writtens/mul@/dbsect_2754.xml,True,True,True,1,1,0,0,6,3002,False,False,False,ministerial_reply_present,,"Minister for Health GPs are self-employed practitioners and therefore may establish practices at a place of their own choosing. There is no prescribed ratio of GPs to patients, and the State does not regulate the number of GPs that can set up in any area. Under the GMS scheme, the HSE contracts GPs to provide medical services without charge to medi"
https://data.oireachtas.ie/ie/oireachtas/question/2026-07-28/pq_371,371,2026-07-28,Robert Troy,Transport,https://data.oireachtas.ie/akn/ie/debateRecord/dail/2026-07-28/writtens/dbsect_320,https://data.oireachtas.ie/akn/ie/debateRecord/dail/2026-07-28/writtens/mul@/dbsect_320.xml,True,True,True,1,1,0,0,11,2108,False,False,False,ministerial_reply_present,,"Minister of State at the Department of Transport As Minister of State for International and Road Transport, Logistics, Rail and Ports, I wish to advise that there are no specific warning signage requirements for commercial or agricultural vehicles. Commercial vehicles may use signage warning of blind spots and caution for cyclists or pedestrians wh"
